Beraternummer:;524201;Mandant:;Steinbeis Innovation gGmbH;VKZ:;F11;Datum:;17.06.2024;;;;;;;;;;;;
Mandantennummer:;2016;;Leuschnerstraße 43;;;;;;;;;;;;;;;;
;;;70176 Stuttgart;;;;;;;;;;;;;;;;
;;;;;;Abrechnungsdatum:;Jun 24;;;;;;;;;;;;
;;;;;;;;;;;;;;;;;;;
;;;;;;;;;;;;;;;;;;;
;;;;;;;;;;;;;;;;;;;
Personalkostenübersicht;Juni;2024;;;;;;;;;;;;;;;;;
Pers.-Nr.;Nachname;Vorname;Gesamtbrutto;AG-Anteil bAV;Förderbetrag;Nettobezüge/Nettoabzüge;SV-AG-Anteil;Umlage;Erstattung KK;Pauschale Steuern;Erstattung BA;Gesamtkosten ohne Erstattung;Gesamtkosten;;;;;;Erstattungen IfSG
;;;;;;;;;;;;;;;;;;;
9;Salingre;Anthony;5.943,75;200;0;0;934,86;34,9;0;0;0;7.113,51;7.113,51;;Salingre, Anthony;;;;0
13;Schlicke;Anna Charlotte;7.180,00;410;0;0;1.188,74;41,8;0;0;0;8.820,54;8.820,54;;Schlicke, Anna Charlotte;;;;0
14;Bageritz;Steve;1.134,00;0;0;0;186,91;2,38;0;0;0;1.323,29;1.323,29;;Bageritz, Steve;;;;0
16;Mortimer;Sarah;0;0;0;0;0;0;0;0;0;0;0;;Mortimer, Sarah;;;;0
27;Bilbao;Jennifer;6.955,00;140;0;0;1.146,07;30,63;0;0;0;8.271,70;8.271,70;;Bilbao, Jennifer;;;;0
30;Hafner-Zimmermann;Sabine;1.034,00;0;0;0;179,24;4,56;0;0;0;1.217,80;1.217,80;;Hafner-Zimmermann, Sabine;;;;0
38;Barrientos;Fernando Javier;2.855,00;0;0;0;419,17;10,38;0;0;0;3.284,55;3.284,55;;Barrientos, Fernando Javier;;;;0
42;Remmele-Hertfelder;Bettina;4.080,00;140;0;0;656,5;16,25;0;0;0;4.892,75;4.892,75;;Remmele-Hertfelder, Bettina;;;;0
50;Doretto;Sandrine;3.480,63;0;0;0;559,1;20,35;0;0;0;4.060,08;4.060,08;;Doretto, Sandrine;;;;0
53;Pratlong;Maeva;5.900,00;0;0;0;1.048,01;26;0;0;0;6.974,01;6.974,01;;Pratlong, Maeva;;;;0
54;Reimann-Zawadzki;Meike;6.440,00;160;0;0;997,45;28,8;0;0;0;7.626,25;7.626,25;;Reimann-Zawadzki, Meike;;;;0
55;Campos Cuellar;Astrid Alejandra;6.910,00;120;0;0;1.144,22;39,07;0;0;0;8.213,29;8.213,29;;Campos Cuellar, Astrid Alejandra;;;;0
58;Föll;Birgit;2.850,00;0;0;0;445,05;10,97;0;0;0;3.306,02;3.306,02;;Föll, Birgit;;;;0
62;Mack;Anette;4.270,00;200;0;0;709,02;17,55;0;0;0;5.196,57;5.196,57;;Mack, Anette;;;;0
64;Löhr;Edina;4.627,17;0;0;0;860,72;21,31;0;0;0;5.509,20;5.509,20;;Löhr, Edina;;;;0
65;Fritz;Jacqueline Irena;5.346,65;0;0;0;938,63;23,24;0;0;0;6.308,52;6.308,52;;Fritz, Jacqueline Irena;;;;0
66;Kopf;Eva Juliane;5.700,00;0;0;0;1.010,00;25;0;0;0;6.735,00;6.735,00;;Kopf, Eva Juliane;;;;0
68;Zeller;Ivo;4.637,00;0;0;0;814,47;20,16;0;0;0;5.471,63;5.471,63;;Zeller, Ivo;;;;0
71;Rios Silva;Fredy;5.216,00;0;0;0;882,5;22,88;0;0;0;6.121,38;6.121,38;;Rios Silva, Fredy;;;;0
74;Haering;Paul;4.890,00;0;0;0;843,06;28,37;0;0;0;5.761,43;5.761,43;;Haering, Paul;;;;0
82;Schumacher;Patrik;4.286,65;0;0;0;752,79;18,64;0;0;0;5.058,08;5.058,08;;Schumacher, Patrik;;;;0
84;Weidenfelder;Elke;5.700,00;0;0;0;1.020,00;32,5;0;0;0;6.752,50;6.752,50;;Weidenfelder, Elke;;;;0
85;Reinert;Marie-Eve;5.085,00;140;0;0;848,55;22;0;0;0;6.095,55;6.095,55;;Reinert, Marie-Eve;;;;0
88;Hüttner;Regina;0;0;0;0;0;0;0;0;0;0;0;;Hüttner, Regina;;;;0
89;Kaiser;Isabel;4.500,00;100;0;0;754,8;24,05;0;0;0;5.378,85;5.378,85;;Kaiser, Isabel;;;;0
90;Butorajac Djurovic;Stela;5.040,00;0;0;0;876,68;21,7;0;0;0;5.938,38;5.938,38;;Butorajac Djurovic, Stela;;;;0
92;Casado Hebrard;Francisco Javier;4.800,00;0;0;0;825,32;21,38;0;0;0;5.646,70;5.646,70;;Casado Hebrard, Francisco Javier;;;;0
94;Haack;Karoline Johanna;1.137,50;0;0;0;196,77;4,91;0;0;0;1.339,18;1.339,18;;Haack, Karoline Johanna;;;;0
95;Wehner;Regine;6.700,00;0;0;0;1.132,81;30;0;0;0;7.862,81;7.862,81;;Wehner, Regine;;;;0
97;Hörner;Lucia;4.925,00;0;0;0;959,2;24,1;0;0;0;5.908,30;5.908,30;;Hörner, Lucia;;;;0
98;von Stralendorff;Sophie;1.137,50;100;0;0;186,6;3,93;0;0;0;1.428,03;1.428,03;;von Stralendorff, Sophie;;;;0
99;Escoto de Tejada;Marta;3.501,33;0;0;0;673,14;13,86;0;0;0;4.188,33;4.188,33;;Escoto de Tejada, Marta;;;;0
100;Pein;Sabrina;4.050,00;0;0;0;777,7;19,25;0;0;0;4.846,95;4.846,95;;Pein, Sabrina;;;;0
102;Dubreuilh;Isabelle;5.105,00;0;0;0;990,83;24,52;0;0;0;6.120,35;6.120,35;;Dubreuilh, Isabelle;;;;0
107;Sarnot;Vipul;4.500,00;0;0;0;868,6;21,5;0;0;0;5.390,10;5.390,10;;Sarnot, Vipul;;;;0
110;Rubio Martinez;Marta;2.650,00;0;0;0;494,9;12,25;0;0;0;3.157,15;3.157,15;;Rubio Martinez, Marta;;;;0
111;Bubeck;Alena;5.200,00;30;0;0;969,6;24;0;0;0;6.223,60;6.223,60;;Bubeck, Alena;;;;0
113;Deufel;Martina;5.550,00;0;0;0;1.074,26;34,78;0;0;0;6.659,04;6.659,04;;Deufel, Martina;;;;0
114;Duffner;Clara Maria;4.130,00;0;0;0;787,33;16,56;0;0;0;4.933,89;4.933,89;;Duffner, Clara Maria;;;;0
116;von Netzer;Frederick;4.125,00;0;0;0;801,9;20,25;0;0;0;4.947,15;4.947,15;;von Netzer, Frederick;;;;0
122;Hanß;Lisa Marie;4.000,00;0;0;0;795,6;25,35;0;0;0;4.820,95;4.820,95;;Hanß, Lisa Marie;;;;0
123;Akkus;Abdullah Alparslan;5.050,00;0;0;0;1.009,80;32,18;0;0;0;6.091,98;6.091,98;;Akkus, Abdullah Alparslan;;;;0
124;Radanovic;Natalia;4.400,00;0;0;0;877,2;27,95;0;0;0;5.305,15;5.305,15;;Radanovic, Natalia;;;;0
125;Weindl;Lukas;4.400,00;0;0;0;876,77;19,35;0;0;0;5.296,12;5.296,12;;Weindl, Lukas;;;;0
126;Czech;Andreas;5.200,00;0;0;0;1.030,20;25,5;0;0;0;6.255,70;6.255,70;;Czech, Andreas;;;;0
127;Hafner;Maren;4.700,00;0;0;0;938,4;29,9;0;0;0;5.668,30;5.668,30;;Hafner, Maren;;;;0
128;Chopard;Adelaide;5.200,00;0;0;0;1.030,20;25,5;0;0;0;6.255,70;6.255,70;;Chopard, Adelaide;;;;0
129;Korobovich;Ekaterina;3.900,00;0;0;0;767,6;19;0;0;0;4.686,60;4.686,60;;Korobovich, Ekaterina;;;;0
130;Findling;Jacqueline;4.200,00;0;0;0;828,2;20,5;0;0;0;5.048,70;5.048,70;;Findling, Jacqueline;;;;0
131;Sanders;Luise;3.900,00;0;0;0;767,6;19;0;0;0;4.686,60;4.686,60;;Sanders, Luise;;;;0
132;Merker;Laura;5.000,00;0;0;0;999,11;20,58;0;0;0;6.019,69;6.019,69;;Merker, Laura;;;;0
133;Schmaltz;Laura;3.620,00;0;0;0;711,04;17,6;0;0;0;4.348,64;4.348,64;;Schmaltz, Laura;;;;0
134;Bönsch;Cordula;4.200,00;0;0;0;828,2;20,5;0;0;0;5.048,70;5.048,70;;Bönsch, Cordula;;;;0
135;Würtz;Yvonne;3.900,00;0;0;0;777,1;17,48;0;0;0;4.694,58;4.694,58;;Würtz, Yvonne;;;;0
136;Schäfer;Emily Maja;504;0;0;0;141,12;1,51;0;0;0;646,63;646,63;;Schäfer, Emily Maja;;;;0
Summen:;;;233.746,18;1.740,00;0;0;42.333,64;1.136,68;0;0;0;278.956,50;278.956,50;;;;;;0
