Beraternummer:;524201;Mandant:;Steinbeis 2i GmbH;VKZ:;00R;Datum:;16.01.2024;;;;;;;;;;
Mandantennummer:;2017;;Leuschnerstraße 43;;;;;;;;;;;;;;
;;;70176 Stuttgart;;;;;;;;;;;;;;
;;;;;;Abrechnungsdatum:;Jan 24;;;;;;;;;;
;;;;;;;;;;;;;;;;;
;;;;;;;;;;;;;;;;;
;;;;;;;;;;;;;;;;;
Personalkostenübersicht;Januar;2024;;;;;;;;;;;;;;;
Pers.-Nr.;Nachname;Vorname;Gesamtbrutto;AG-Anteil bAV;Förderbetrag;Nettobezüge/Nettoabzüge;SV-AG-Anteil;Umlage;Erstattung KK;Pauschale Steuern;Erstattung BA;Gesamtkosten ohne Erstattung;Gesamtkosten;;;;Erstattungen IfSG
;;;;;;;;;;;;;;;;;
1;Heckmann;Katrin;3.410,00;200;0;0;676,7;16,75;0;0;0;4.303,45;4.303,45;;Heckmann, Katrin;;0
5;Fischer;Heike;7.606,65;200;0;0;1.192,46;37,74;0;0;0;9.036,85;9.036,85;;Fischer, Heike;;0
7;Marschalek;Olga;5.070,00;200;0;0;1.004,91;20,17;0;0;0;6.295,08;6.295,08;;Marschalek, Olga;;0
11;Knöbel-French;Tracey;9.708,51;200;0;-951,86;1.265,94;37,75;0;0;0;10.260,34;10.260,34;;Knöbel-French, Tracey;;0
13;Heni;Angela;3.819,16;0;0;0;774,91;15,28;0;0;0;4.609,35;4.609,35;;Heni, Angela;;0
14;Polonski;Ksenia;2.833,33;600;0;0;562,23;13,92;0;0;0;4.009,48;4.009,48;;Polonski, Ksenia;;0
15;Fezer;Alexandra;4.213,33;200;0;0;851,25;18,51;0;0;0;5.283,09;5.283,09;;Fezer, Alexandra;;0
20;Bahr;Valerie;9.200,00;200;0;0;1.307,46;49,08;0;0;0;10.756,54;10.756,54;;Bahr, Valerie;;0
25;Sachs;Isabell;0;0;0;0;0;0;0;0;0;0;0;;Sachs, Isabell;;0
37;Barrientos;Fernando Javier;-7.783,56;0;0;0;-1.572,28;-49,81;0;0;0;-9.405,65;-9.405,65;;Barrientos, Fernando Javier;;0
40;Schäfer;Hanna;5.160,00;100;0;0;1.017,60;22,89;0;0;0;6.300,49;6.300,49;;Schäfer, Hanna;;0
48;Dimakou Bertels;Ariadne;4.000,00;0;0;0;816;26;0;0;0;4.842,00;4.842,00;;Dimakou Bertels, Ariadne;;0
53;Sbarbati;Stefano;5.450,00;0;0;0;1.074,51;27,25;0;0;0;6.551,76;6.551,76;;Sbarbati, Stefano;;0
60;Haeßler;Sabine;5.570,00;0;0;0;1.107,67;28,41;0;0;0;6.706,08;6.706,08;;Haeßler, Sabine;;0
61;Mertens;Vanessa;4.400,00;100;0;0;879,35;18,49;0;0;0;5.397,84;5.397,84;;Mertens, Vanessa;;0
66;Weidenfelder;Elke;5.000,00;0;0;0;1.020,00;32,5;0;0;0;6.052,50;6.052,50;;Weidenfelder, Elke;;0
69;Schmalen;Luisa;4.170,00;0;0;0;848,39;21,27;0;0;0;5.039,66;5.039,66;;Schmalen, Luisa;;0
73;Casado Hebrard;Francisco Javier;4.131,65;100;0;0;804,27;20,41;0;0;0;5.056,33;5.056,33;;Casado Hebrard, Francisco Javier;;0
80;Amarysti;Canesia;4.200,00;0;0;0;848,4;21;0;0;0;5.069,40;5.069,40;;Amarysti, Canesia;;0
81;Sarnot;Vipul;4.300,00;0;0;0;868,6;21,5;0;0;0;5.190,10;5.190,10;;Sarnot, Vipul;;0
82;Seim;Alice;4.850,00;0;0;0;979,7;24,25;0;0;0;5.853,95;5.853,95;;Seim, Alice;;0
83;Kovacic;Sofija;4.200,00;0;0;0;856,8;27,3;0;0;0;5.084,10;5.084,10;;Kovacic, Sofija;;0
86;Bischler;Frederik;4.350,00;0;0;0;887,4;28,28;0;0;0;5.265,68;5.265,68;;Bischler, Frederik;;0
501;Loeffler;Jonathan;14.240,00;200;0;-650;1.251,37;49,08;0;0;0;15.090,45;15.090,45;;Loeffler, Jonathan;;0
502;Gohla;Robert;9.461,38;200;0;-372,73;1.313,93;38,51;0;9,23;0;10.650,32;10.650,32;;Gohla, Robert;;0
503;Herrmann;Eduardo Manuel;21.880,00;200;0;0;1.441,69;34,78;0;0;0;23.556,47;23.556,47;;Herrmann, Eduardo Manuel;;0
505;Salingre;Anthony;1.706,25;0;0;0;308,59;11,09;0;0;0;2.025,93;2.025,93;;Salingre, Anthony;;0
506;Doretto;Sandrine;2.770,00;160;0;0;531,94;17,35;0;0;0;3.479,29;3.479,29;;Doretto, Sandrine;;0
508;Reimann-Zawadzki;Meike;1.390,00;0;0;0;252,53;6,95;0;0;0;1.649,48;1.649,48;;Reimann-Zawadzki, Meike;;0
513;Chiran;Daniela;4.500,00;0;0;0;909;22,5;0;0;0;5.431,50;5.431,50;;Chiran, Daniela;;0
517;Berlin;Mercedes;4.000,00;0;0;0;808;20;0;0;0;4.828,00;4.828,00;;Berlin, Mercedes;;0
520;Hafner-Zimmermann;Sabine;3.576,00;200;0;0;692,93;17,22;0;0;0;4.486,15;4.486,15;;Hafner-Zimmermann, Sabine;;0
522;Bageritz;Steve;3.896,00;0;0;0;796,74;9,33;0;0;0;4.702,07;4.702,07;;Bageritz, Steve;;0
526;Blessing;Victoria;3.510,00;0;0;0;692,86;17,15;0;0;0;4.220,01;4.220,01;;Blessing, Victoria;;0
529;Reinert;Marie-Eve;1.470,00;0;0;0;283,5;7,35;0;0;0;1.760,85;1.760,85;;Reinert, Marie-Eve;;0
534;Cosic;Miljana;5.675,00;280;0;0;1.087,38;24,76;0;0;0;7.067,14;7.067,14;;Cosic, Miljana;;0
546;Roth;Clementine;3.360,00;120;0;0;664,71;13,7;0;0;0;4.158,41;4.158,41;;Roth, Clementine;;0
547;Doll;Timo;7.100,00;120;0;0;1.251,75;28,25;0;0;0;8.500,00;8.500,00;;Doll, Timo;;0
552;Kopf;Eva Juliane;0;0;0;0;0;0;0;0;0;0;0;;Kopf, Eva Juliane;;0
556;Zeller;Ivo;4.032,00;0;0;0;814,47;20,16;0;0;0;4.866,63;4.866,63;;Zeller, Ivo;;0
560;Haering;Paul;0;0;0;0;0;0;0;0;0;0;0;;Haering, Paul;;0
569;Hochberg;Katrin;4.592,00;100;0;0;907,39;22,46;0;0;0;5.621,85;5.621,85;;Hochberg, Katrin;;0
570;Rios Silva;Fredy;1.204,00;0;0;0;226,99;5,58;0;0;0;1.436,57;1.436,57;;Rios Silva, Fredy;;0
574;von Stralendorff;Sophie;962,5;0;0;0;196,82;4,14;0;0;0;1.163,46;1.163,46;;von Stralendorff, Sophie;;0
584;Schumacher;Patrik;930;0;0;0;187,86;4,65;0;0;0;1.122,51;1.122,51;;Schumacher, Patrik;;0
586;Haack;Karoline Johanna;2.887,50;0;0;0;590,36;14,72;0;0;0;3.492,58;3.492,58;;Haack, Karoline Johanna;;0
594;Rios Rodriguez;Daniela;5.400,00;0;0;0;1.069,21;27;0;0;0;6.496,21;6.496,21;;Rios Rodriguez, Daniela;;0
595;Buchter;Angelina-Erika;3.800,00;0;0;0;775,2;24,7;0;0;0;4.599,90;4.599,90;;Buchter, Angelina-Erika;;0
596;Schleicher;Lena;5.000,00;30;0;0;969,6;24;0;0;0;6.023,60;6.023,60;;Schleicher, Lena;;0
602;Schlichenmaier;Nadja;4.900,00;0;0;0;1.008,91;19,6;0;0;0;5.928,51;5.928,51;;Schlichenmaier, Nadja;;0
604;Ertmann;Jan;5.600,00;0;0;0;1.090,41;28;0;0;0;6.718,41;6.718,41;;Ertmann, Jan;;0
606;Sanga;Chrispin Boniface;3.950,00;0;0;0;797,9;19,75;0;0;0;4.767,65;4.767,65;;Sanga, Chrispin Boniface;;0
607;Zillober;Mirjam;4.000,00;0;0;0;815,8;20,4;0;0;0;4.836,20;4.836,20;;Zillober, Mirjam;;0
608;Fath;Leonie;4.500,00;0;0;0;911,25;19,8;0;0;0;5.431,05;5.431,05;;Fath, Leonie;;0
609;von Netzer;Frederick;1.350,00;0;0;0;267,29;6,75;0;0;0;1.624,04;1.624,04;;von Netzer, Frederick;;0
613;Delpachithra Arachchige;Dhanesh Chathuranga;3.700,00;0;0;0;747,4;18,5;0;0;0;4.465,90;4.465,90;;Delpachithra Arachchige, Dhanesh Chathuranga;;0
615;Strunkeviciute;Laura;0;0;0;0;0;0;0;0;0;0;0;;Strunkeviciute, Laura;;0
617;Sarenkapa;Tea;2.550,00;0;0;0;520,2;16,58;0;0;0;3.086,78;3.086,78;;Sarenkapa, Tea;;0
624;Olems;Alexander;195;0;0;0;54,6;0,59;0;0;0;250,19;250,19;;Olems, Alexander;;0
Summen:;;;245.946,70;3.710,00;0;-1.974,59;42.310,85;1.094,34;0;9,23;0;291.096,53;291.096,53;;;;0
