Beraternummer:;524201;Mandant:;Steinbeis Innovation gGmbH;VKZ:;X1A;Datum:;17.12.2024;;;;;;;;;;;;
Mandantennummer:;2016;;Leuschnerstraße 43;;;;;;;;;;;;;;;;
;;;70176 Stuttgart;;;;;;;;;;;;;;;;
;;;;;;Abrechnungsdatum:;Dez 24;;;;;;;;;;;;
;;;;;;;;;;;;;;;;;;;
;;;;;;;;;;;;;;;;;;;
;;;;;;;;;;;;;;;;;;;
Personalkostenübersicht;Dezember;2024;;;;;;;;;;;;;;;;;
Pers.-Nr.;Nachname;Vorname;Gesamtbrutto;AG-Anteil bAV;Förderbetrag;Nettobezüge/Nettoabzüge;SV-AG-Anteil;Umlage;Erstattung KK;Pauschale Steuern;Erstattung BA;Gesamtkosten ohne Erstattung;Gesamtkosten;;;;;;Erstattungen IfSG
;;;;;;;;;;;;;;;;;;;
8;Polonski;Ksenia;3.534,49;200;0;0;703,86;14,89;0;0;0;4.453,24;4.453,24;;Polonski, Ksenia;;;;0
9;Salingre;Anthony;9.540,00;200;0;0;1.378,23;38,59;0;0;0;11.156,82;11.156,82;;Salingre, Anthony;;;;0
13;Schlicke;Anna Charlotte;11.590,00;410;0;0;1.730,40;46,34;0;0;0;13.776,74;13.776,74;;Schlicke, Anna Charlotte;;;;0
14;Bageritz;Steve;1.775,63;0;0;0;353,46;2,99;0;0;0;2.132,08;2.132,08;;Bageritz, Steve;;;;0
16;Mortimer;Sarah;2.960,00;160;0;0;553,48;11,32;0;0;0;3.684,80;3.684,80;;Mortimer, Sarah;;;;0
21;Blessing;Victoria;3.835,62;0;0;0;758,63;17,94;0;0;0;4.612,19;4.612,19;;Blessing, Victoria;;;;0
27;Bilbao;Jennifer;2.319,19;0;0;0;245,83;1,39;0;0;0;2.566,41;2.566,41;;Bilbao, Jennifer;;;;0
30;Hafner-Zimmermann;Sabine;1.601,00;0;0;0;321,01;5,14;0;0;0;1.927,15;1.927,15;;Hafner-Zimmermann, Sabine;;;;0
38;Barrientos;Fernando Javier;5.047,50;0;0;0;1.003,45;18,33;0;0;0;6.069,28;6.069,28;;Barrientos, Fernando Javier;;;;0
40;Kaiser;Gabriele;713,59;0;0;0;75,64;0,43;0;0;0;789,66;789,66;;Kaiser, Gabriele;;;;0
42;Remmele-Hertfelder;Bettina;0;0;0;0;0;0;0;0;0;0;0;;Remmele-Hertfelder, Bettina;;;;0
47;Püchner;Petra;14.840,00;0;0;0;0;0;0;0;0;14.840,00;14.840,00;;Püchner, Petra;;;;0
50;Doretto;Sandrine;6.360,00;0;0;0;931,16;25,95;0;0;0;7.317,11;7.317,11;;Doretto, Sandrine;;;;0
53;Pratlong;Maeva;3.364,30;0;0;0;440,63;2,02;0;0;0;3.806,95;3.806,95;;Pratlong, Maeva;;;;0
54;Reimann-Zawadzki;Meike;10.648,00;160;0;0;1.499,97;32,54;0;0;0;12.340,51;12.340,51;;Reimann-Zawadzki, Meike;;;;0
55;Campos Cuellar;Astrid Alejandra;2.132,85;0;0;0;226,09;1,28;0;0;0;2.360,22;2.360,22;;Campos Cuellar, Astrid Alejandra;;;;0
58;Föll;Birgit;3.285,00;0;0;0;680,02;12,22;0;0;0;3.977,24;3.977,24;;Föll, Birgit;;;;0
62;Mack;Anette;5.560,00;200;0;0;1.111,00;19,4;0;0;0;6.890,40;6.890,40;;Mack, Anette;;;;0
64;Löhr;Edina;324,9;0;0;0;65,63;0,19;0;0;0;390,72;390,72;;Löhr, Edina;;;;0
65;Fritz;Jacqueline Irena;7.970,00;0;0;0;1.609,94;26,78;0;0;0;9.606,72;9.606,72;;Fritz, Jacqueline Irena;;;;0
66;Kopf;Eva Juliane;1.756,10;0;0;0;354,74;1,05;0;0;0;2.111,89;2.111,89;;Kopf, Eva Juliane;;;;0
68;Zeller;Ivo;5.995,70;0;0;0;1.186,14;22,17;0;0;0;7.204,01;7.204,01;;Zeller, Ivo;;;;0
71;Rios Silva;Fredy;7.922,23;0;0;0;1.228,72;25,72;0;0;0;9.176,67;9.176,67;;Rios Silva, Fredy;;;;0
74;Haering;Paul;3.952,75;0;0;0;545,78;11,32;0;0;0;4.509,85;4.509,85;;Haering, Paul;;;;0
81;Gralow;Melanie;571,13;0;0;0;60,54;0,34;0;0;0;632,01;632,01;;Gralow, Melanie;;;;0
82;Schumacher;Patrik;1.280,65;0;0;0;258,69;0,77;0;0;0;1.540,11;1.540,11;;Schumacher, Patrik;;;;0
84;Weidenfelder;Elke;7.050,38;0;0;0;1.288,80;35,21;0;0;0;8.374,39;8.374,39;;Weidenfelder, Elke;;;;0
85;Reinert;Marie-Eve;8.842,62;140;0;0;1.322,41;26,6;0;0;0;10.331,63;10.331,63;;Reinert, Marie-Eve;;;;0
88;Hüttner;Regina;0;0;0;0;0;0;0;0;0;0;0;;Hüttner, Regina;;;;0
89;Kaiser;Isabel;1.161,16;0;0;0;236,88;0,7;0;0;0;1.398,74;1.398,74;;Kaiser, Isabel;;;;0
90;Butorajac Djurovic;Stela;7.270,00;100;0;0;1.427,73;23,77;0;0;0;8.821,50;8.821,50;;Butorajac Djurovic, Stela;;;;0
94;Haack;Karoline Johanna;1.727,50;0;0;0;353,2;5,82;0;0;0;2.086,52;2.086,52;;Haack, Karoline Johanna;;;;0
95;Wehner;Regine;10.890,00;0;0;0;1.651,15;35,35;0;0;0;12.576,50;12.576,50;;Wehner, Regine;;;;0
97;Hörner;Lucia;2.423,26;0;0;0;496,77;1,45;0;0;0;2.921,48;2.921,48;;Hörner, Lucia;;;;0
98;von Stralendorff;Sophie;1.869,60;120;0;0;372,1;4,03;0;0;0;2.365,73;2.365,73;;von Stralendorff, Sophie;;;;0
99;Escoto de Tejada;Marta;1.173,45;0;0;0;239,26;0,7;0;0;0;1.413,41;1.413,41;;Escoto de Tejada, Marta;;;;0
100;Pein;Ati;962,5;0;0;0;194,42;0,58;0;0;0;1.157,50;1.157,50;;Pein, Ati;;;;0
101;Amarysti;Canesia D'Andrea;4.615,36;0;0;0;932,3;22,13;0;0;0;5.569,79;5.569,79;;Amarysti, Canesia D'Andrea;;;;0
102;Dubreuilh;Isabelle;8.351,00;0;0;0;1.604,92;27,54;0;0;0;9.983,46;9.983,46;;Dubreuilh, Isabelle;;;;0
104;Kovacic;Sofija;5.328,85;0;0;0;1.087,09;29,16;0;0;0;6.445,10;6.445,10;;Kovacic, Sofija;;;;0
105;Keller;Siora;407,5;0;0;0;83,14;0,24;0;0;0;490,88;490,88;;Keller, Siora;;;;0
107;Sarnot;Vipul;5.920,79;0;0;0;1.195,99;22,91;0;0;0;7.139,69;7.139,69;;Sarnot, Vipul;;;;0
111;Bubeck;Alena;7.880,00;30;0;0;1.551,36;26,83;0;0;0;9.488,19;9.488,19;;Bubeck, Alena;;;;0
112;Böhm;Katharina;577,61;0;0;0;119,54;0,35;0;0;0;697,5;697,5;;Böhm, Katharina;;;;0
113;Deufel;Martina;4.695,93;0;0;0;185,5;1,05;-2.945,93;0;0;4.882,48;1.936,55;;Deufel, Martina;;;;0
114;Duffner;Clara Maria;3.672,67;0;0;0;398,78;1,17;-1.722,67;0;0;4.072,62;2.349,95;;Duffner, Clara Maria;;;;0
116;von Netzer;Frederick;8.385,64;0;0;0;1.385,68;29,67;0;0;0;9.800,99;9.800,99;;von Netzer, Frederick;;;;0
121;Burkhardt;Pia;799,32;0;0;0;163,46;0,48;0;0;0;963,26;963,26;;Burkhardt, Pia;;;;0
122;Hanß;Lisa Marie;5.970,00;0;0;0;1.217,88;28,36;0;0;0;7.216,24;7.216,24;;Hanß, Lisa Marie;;;;0
123;Akkus;Abdullah Alparslan;7.500,00;0;0;0;1.530,00;34,24;0;0;0;9.064,24;9.064,24;;Akkus, Abdullah Alparslan;;;;0
124;Radanovic;Natalia;6.560,00;0;0;0;1.338,24;30,49;0;0;0;7.928,73;7.928,73;;Radanovic, Natalia;;;;0
125;Weindl;Lukas;6.020,00;0;0;0;1.227,48;21,16;0;0;0;7.268,64;7.268,64;;Weindl, Lukas;;;;0
126;Czech;Andreas;6.240,00;0;0;0;1.201,45;27,06;0;0;0;7.468,51;7.468,51;;Czech, Andreas;;;;0
127;Hafner;Maren;5.880,00;0;0;0;1.199,52;31,56;0;0;0;7.111,08;7.111,08;;Hafner, Maren;;;;0
128;Chopard;Adelaide;8.250,00;0;0;0;1.414,51;28,27;0;0;0;9.692,78;9.692,78;;Chopard, Adelaide;;;;0
129;Korobovich;Ekaterina;4.820,00;15;0;0;953,44;19,55;0;0;0;5.807,99;5.807,99;;Korobovich, Ekaterina;;;;0
130;Findling;Jacqueline;5.507,40;0;0;0;1.112,50;22;0;0;0;6.641,90;6.641,90;;Findling, Jacqueline;;;;0
131;Sanders;Luise;4.940,00;0;0;0;997,88;20,12;0;0;0;5.958,00;5.958,00;;Sanders, Luise;;;;0
132;Merker;Laura;6.290,00;0;0;0;1.313,35;22,13;0;0;0;7.625,48;7.625,48;;Merker, Laura;;;;0
133;Schmaltz;Laura;4.610,00;27;0;0;894,86;17,88;0;0;0;5.549,74;5.549,74;;Schmaltz, Laura;;;;0
134;Bönsch;Cordula;5.147,02;0;0;0;1.039,69;21,79;0;0;0;6.208,50;6.208,50;;Bönsch, Cordula;;;;0
135;Würtz;Yvonne;5.250,00;0;0;0;1.073,63;19,55;0;0;0;6.343,18;6.343,18;;Würtz, Yvonne;;;;0
137;Delpachithra Arachchige;Dhanesh Chathuranga;4.613,18;0;0;0;931,86;21,25;0;0;0;5.566,29;5.566,29;;Delpachithra Arachchige, Dhanesh Chathuranga;;;;0
138;Rios Rodriguez;Daniela;6.191,58;0;0;0;1.153,12;28,57;0;0;0;7.373,27;7.373,27;;Rios Rodriguez, Daniela;;;;0
139;Deckers;Anke;2.782,50;0;0;0;568,91;13,48;0;0;0;3.364,89;3.364,89;;Deckers, Anke;;;;0
140;Sarenkapa;Tea;3.213,62;0;0;0;655,58;19,45;0;0;0;3.888,65;3.888,65;;Sarenkapa, Tea;;;;0
141;Sinai;Rebecca Helen;4.567,37;0;0;0;922,62;22,54;0;0;0;5.512,53;5.512,53;;Sinai, Rebecca Helen;;;;0
142;Zillober;Mirjam;3.529,08;0;0;0;719,75;16,8;0;0;0;4.265,63;4.265,63;;Zillober, Mirjam;;;;0
143;Adam;Chiara;5.070,00;0;0;0;1.024,14;23,5;0;0;0;6.117,64;6.117,64;;Adam, Chiara;;;;0
144;Zett;Goranka;4.490,00;0;0;0;915,96;27,29;0;0;0;5.433,25;5.433,25;;Zett, Goranka;;;;0
Summen:;;;330.327,52;1.762,00;0;0;57.019,89;1.151,89;-4.668,60;0;0;390.261,30;385.592,70;;;;;;0
