Beraternummer:;524201;Mandant:;Steinbeis 2i GmbH;VKZ:;C11;Datum:;15.05.2024;;;;;;;;;
Mandantennummer:;2017;;Leuschnerstraße 43;;;;;;;;;;;;;
;;;70176 Stuttgart;;;;;;;;;;;;;
;;;;;;Abrechnungsdatum:;Mai 24;;;;;;;;;
;;;;;;;;;;;;;;;;
;;;;;;;;;;;;;;;;
;;;;;;;;;;;;;;;;
Personalkostenübersicht;Mai;2024;;;;;;;;;;;;;;
Pers.-Nr.;Nachname;Vorname;Gesamtbrutto;AG-Anteil bAV;Förderbetrag;Nettobezüge/Nettoabzüge;SV-AG-Anteil;Umlage;Erstattung KK;Pauschale Steuern;Erstattung BA;Erstattungen IfSG;Gesamtkosten ohne Erstattung;Gesamtkosten;;
;;;;;;;;;;;;;;;;
1;Heckmann;Katrin;3.410,00;200;0;0;676,7;16,75;0;0;0;0;4.303,45;4.303,45;;Heckmann, Katrin
5;Fischer;Heike;7.606,65;200;0;0;1.192,46;37,74;0;0;0;0;9.036,85;9.036,85;;Fischer, Heike
7;Marschalek;Olga;5.070,00;200;0;0;1.004,91;20,17;0;0;0;0;6.295,08;6.295,08;;Marschalek, Olga
11;Knöbel-French;Tracey;9.805,05;200;0;-1.128,40;1.265,94;37,75;0;0;0;0;10.180,34;10.180,34;;Knöbel-French, Tracey
14;Polonski;Ksenia;2.833,33;200;0;0;562,23;13,92;0;0;0;0;3.609,48;3.609,48;;Polonski, Ksenia
15;Fezer;Alexandra;4.213,33;200;0;0;851,25;18,51;0;0;0;0;5.283,09;5.283,09;;Fezer, Alexandra
20;Bahr;Valerie;9.200,00;200;0;0;1.307,46;49,08;0;0;0;0;10.756,54;10.756,54;;Bahr, Valerie
25;Sachs;Isabell;0;0;0;0;0;0;0;0;0;0;0;0;;Sachs, Isabell
40;Schäfer;Hanna;5.160,00;100;0;0;1.017,60;22,89;0;0;0;0;6.300,49;6.300,49;;Schäfer, Hanna
44;Kaiser;Gabriele;6.000,00;140;0;0;1.121,82;26,18;0;0;0;0;7.288,00;7.288,00;;Kaiser, Gabriele
48;Dimakou Bertels;Ariadne;4.000,00;0;0;0;816;26;0;0;0;0;4.842,00;4.842,00;;Dimakou Bertels, Ariadne
53;Sbarbati;Stefano;4.440,00;0;0;0;880,72;21,8;0;0;0;0;5.342,52;5.342,52;;Sbarbati, Stefano
60;Haeßler;Sabine;5.570,00;0;0;0;1.107,67;28,41;0;0;0;0;6.706,08;6.706,08;;Haeßler, Sabine
61;Mertens;Vanessa;4.400,00;160;0;0;879,35;18,49;0;0;0;0;5.457,84;5.457,84;;Mertens, Vanessa
65;Keller;Siora;4.106,65;0;0;0;837,76;26,69;0;0;0;0;4.971,10;4.971,10;;Keller, Siora
66;Weidenfelder;Elke;5.000,00;0;0;0;1.020,00;32,5;0;0;0;0;6.052,50;6.052,50;;Weidenfelder, Elke
68;Burkhardt;Pia;4.000,00;100;0;0;797,55;16,77;0;0;0;0;4.914,32;4.914,32;;Burkhardt, Pia
69;Schmalen;Luisa;4.170,00;0;0;0;848,39;21,27;0;0;0;0;5.039,66;5.039,66;;Schmalen, Luisa
73;Casado Hebrard;Francisco Javier;1.375,00;100;0;0;261,09;6,63;0;0;0;0;1.742,72;1.742,72;;Casado Hebrard, Francisco Javier
80;Amarysti;Canesia;4.200,00;0;0;0;848,4;21;0;0;0;0;5.069,40;5.069,40;;Amarysti, Canesia
82;Seim;Alice;4.850,00;0;0;0;979,7;24,25;0;0;0;0;5.853,95;5.853,95;;Seim, Alice
83;Kovacic;Sofija;4.200,00;0;0;0;856,8;27,3;0;0;0;0;5.084,10;5.084,10;;Kovacic, Sofija
86;Bischler;Frederik;4.350,00;0;0;0;887,4;28,28;0;0;0;0;5.265,68;5.265,68;;Bischler, Frederik
501;Loeffler;Jonathan;14.240,00;200;0;-650;1.251,37;49,08;0;0;0;0;15.090,45;15.090,45;;Loeffler, Jonathan
502;Gohla;Robert;9.461,38;200;0;-372,73;1.313,93;38,51;0;9,23;0;0;10.650,32;10.650,32;;Gohla, Robert
505;Salingre;Anthony;1.706,25;0;0;0;308,59;11,09;0;0;0;0;2.025,93;2.025,93;;Salingre, Anthony
506;Doretto;Sandrine;2.930,63;280;0;0;563,94;18,4;0;0;0;0;3.792,97;3.792,97;;Doretto, Sandrine
508;Reimann-Zawadzki;Meike;1.390,00;0;0;0;252,53;6,95;0;0;0;0;1.649,48;1.649,48;;Reimann-Zawadzki, Meike
513;Chiran;Daniela;4.500,00;0;0;0;909;22,5;0;0;0;0;5.431,50;5.431,50;;Chiran, Daniela
517;Berlin;Mercedes;4.000,00;0;0;0;808;20;0;0;0;0;4.828,00;4.828,00;;Berlin, Mercedes
520;Hafner-Zimmermann;Sabine;3.576,00;200;0;0;676,89;17,22;0;0;0;0;4.470,11;4.470,11;;Hafner-Zimmermann, Sabine
522;Bageritz;Steve;3.496,00;0;0;0;714,94;9,09;0;0;0;0;4.220,03;4.220,03;;Bageritz, Steve
526;Blessing;Victoria;3.510,00;0;0;0;692,86;17,15;0;0;0;0;4.220,01;4.220,01;;Blessing, Victoria
529;Reinert;Marie-Eve;1.470,00;0;0;0;283,5;7,35;0;0;0;0;1.760,85;1.760,85;;Reinert, Marie-Eve
534;Cosic;Miljana;5.675,00;140;0;0;1.087,38;24,76;0;0;0;0;6.927,14;6.927,14;;Cosic, Miljana
546;Roth;Clementine;3.440,00;140;0;0;664,71;13,7;0;0;0;0;4.258,41;4.258,41;;Roth, Clementine
547;Doll;Timo;6.600,00;120;0;0;1.198,75;27,95;0;0;0;0;7.946,70;7.946,70;;Doll, Timo
552;Kopf;Eva Juliane;0;0;0;0;0;0;0;0;0;0;0;0;;Kopf, Eva Juliane
556;Zeller;Ivo;5.120,00;0;0;0;1.018,08;25,2;0;0;0;0;6.163,28;6.163,28;;Zeller, Ivo
560;Haering;Paul;1.405,00;0;0;0;275,72;9,13;0;0;0;0;1.689,85;1.689,85;;Haering, Paul
570;Rios Silva;Fredy;1.104,00;0;0;0;216,39;5,52;0;0;0;0;1.325,91;1.325,91;;Rios Silva, Fredy
574;von Stralendorff;Sophie;2.887,50;0;0;0;590,5;12,41;0;0;0;0;3.490,41;3.490,41;;von Stralendorff, Sophie
580;Gralow;Melanie;5.000,00;0;0;0;1.010,00;25;0;0;0;0;6.035,00;6.035,00;;Gralow, Melanie
584;Schumacher;Patrik;930;0;0;0;187,86;4,65;0;0;0;0;1.122,51;1.122,51;;Schumacher, Patrik
586;Haack;Karoline Johanna;2.887,50;0;0;0;590,36;14,72;0;0;0;0;3.492,58;3.492,58;;Haack, Karoline Johanna
594;Rios Rodriguez;Daniela;5.400,00;0;0;0;1.069,21;27;0;0;0;0;6.496,21;6.496,21;;Rios Rodriguez, Daniela
595;Buchter;Angelina-Erika;3.040,00;0;0;0;620,16;19,76;0;0;0;0;3.679,92;3.679,92;;Buchter, Angelina-Erika
596;Schleicher;Lena;5.000,00;30;0;0;969,6;24;0;0;0;0;6.023,60;6.023,60;;Schleicher, Lena
602;Schlichenmaier;Nadja;5.150,00;0;0;0;1.060,39;20,6;0;0;0;0;6.230,99;6.230,99;;Schlichenmaier, Nadja
604;Ertmann;Jan;5.750,00;0;0;0;1.106,31;28,75;0;0;0;0;6.885,06;6.885,06;;Ertmann, Jan
605;Böhm;Katharina;4.180,00;0;0;0;848,5;18,45;0;0;0;0;5.046,95;5.046,95;;Böhm, Katharina
606;Sanga;Chrispin Boniface;4.150,00;0;0;0;838,3;20,75;0;0;0;0;5.009,05;5.009,05;;Sanga, Chrispin Boniface
607;Zillober;Mirjam;4.350,00;0;0;0;887,18;22,19;0;0;0;0;5.259,37;5.259,37;;Zillober, Mirjam
608;Fath;Leonie;4.500,00;0;0;0;911,25;19,8;0;0;0;0;5.431,05;5.431,05;;Fath, Leonie
609;von Netzer;Frederick;1.350,00;0;0;0;267,29;6,75;0;0;0;0;1.624,04;1.624,04;;von Netzer, Frederick
612;Ivic;Fiona;0;0;0;0;0;0;0;0;0;0;0;0;;Ivic, Fiona
613;Delpachithra Arachchige;Dhanesh Chathuranga;3.900,00;0;0;0;787,8;19,5;0;0;0;0;4.707,30;4.707,30;;Delpachithra Arachchige, Dhanesh Chathuranga
617;Sarenkapa;Tea;2.700,00;0;0;0;550,8;17,55;0;0;0;0;3.268,35;3.268,35;;Sarenkapa, Tea
621;Sinai;Rebecca Helen;4.300,00;0;0;0;868,6;21,5;0;0;0;0;5.190,10;5.190,10;;Sinai, Rebecca Helen
622;Bitter;Kristina;3.600,00;0;0;0;727,2;18;0;0;0;0;4.345,20;4.345,20;;Bitter, Kristina
624;Olems;Alexander;0;0;0;0;0;0;0;0;0;0;0;0;;Olems, Alexander
633;Fernandez;Emilio;536,25;0;0;0;150,15;1,61;0;0;0;0;688,01;688,01;;Fernandez, Emilio
Summen:;;;251.195,52;3.310,00;0;-2.151,13;46.299,24;1.208,97;0;9,23;0;0;299.871,83;299.871,83;;
