Beraternummer:;524201;Mandant:;Steinbeis 2i GmbH;VKZ:;L2F;Datum:;15.08.2025;;;;;;;;;
Mandantennummer:;2017;;Leuschnerstraße 43;;;;;;;;;;;;;
;;;70176 Stuttgart;;;;;;;;;;;;;
;;;;;;Abrechnungsdatum:;Aug 25;;;;;;;;;
;;;;;;;;;;;;;;;;
;;;;;;;;;;;;;;;;
;;;;;;;;;;;;;;;;
Personalkostenübersicht;August;2025;;;;;;;;;;;;;;
Pers.-Nr.;Nachname;Vorname;Gesamtbrutto;AG-Anteil bAV;Förderbetrag;Nettobezüge/Nettoabzüge;SV-AG-Anteil;Umlage;Erstattung KK;Pauschale Steuern;Erstattung BA;Erstattungen IfSG;Gesamtkosten ohne Erstattung;Gesamtkosten;;
;;;;;;;;;;;;;;;;
1;Heckmann;Katrin;3.545,00;200;0;0;729,25;20,56;0;0;0;0;4.494,81;4.494,81;;Heckmann, Katrin
5;Fischer;Heike;8.163,33;200;0;0;1.422,47;47,5;0;0;0;0;9.833,30;9.833,30;;Fischer, Heike
7;Marschalek;Olga;5.270,00;200;0;0;1.095,42;22,53;0;0;0;0;6.587,95;6.587,95;;Marschalek, Olga
11;Knöbel-French;Tracey;10.405,05;200;0;-1.128,40;1.368,50;47,5;0;0;0;0;10.892,65;10.892,65;;Knöbel-French, Tracey
12;Ohlig;Lena;3.560,00;0;0;0;742,81;17,75;0;0;0;0;4.320,56;4.320,56;;Ohlig, Lena
15;Fezer;Alexandra;4.677,49;200;0;0;977,07;22,43;0;0;0;0;5.876,99;5.876,99;;Fezer, Alexandra
20;Bahr;Valerie;9.800,00;200;0;0;1.426,60;47,5;0;0;0;0;11.474,10;11.474,10;;Bahr, Valerie
38;Bilbao;Jennifer;6.655,00;140;0;0;1.260,83;38,5;0;0;0;0;8.094,33;8.094,33;;Bilbao, Jennifer
40;Schäfer;Hanna;5.410,00;100;0;0;1.113,15;23,52;0;0;0;0;6.646,67;6.646,67;;Schäfer, Hanna
44;Kaiser;Gabriele;3.200,00;140;0;0;655,04;14,18;0;0;0;0;4.009,22;4.009,22;;Kaiser, Gabriele
48;Dimakou Bertels;Ariadne;4.300,00;0;0;0;903;25,37;0;0;0;0;5.228,37;5.228,37;;Dimakou Bertels, Ariadne
52;Campos Cuellar;Astrid Alejandra;6.410,00;140;0;0;1.231,56;36,64;0;0;0;0;7.818,20;7.818,20;;Campos Cuellar, Astrid Alejandra
53;Sbarbati;Stefano;5.040,00;0;0;0;1.037,88;29,26;0;0;0;0;6.107,14;6.107,14;;Sbarbati, Stefano
60;Haeßler;Sabine;5.820,00;0;0;0;1.192,43;27,94;0;0;0;0;7.040,37;7.040,37;;Haeßler, Sabine
61;Mertens;Vanessa;0;0;0;0;0;0;0;0;0;0;0;0;;Mertens, Vanessa
64;Kaiser;Isabel;4.150,00;100;0;0;850,5;23,9;0;0;0;0;5.124,40;5.124,40;;Kaiser, Isabel
65;Keller;Siora;4.556,65;0;0;0;956,91;26,88;0;0;0;0;5.540,44;5.540,44;;Keller, Siora
69;Schmalen;Luisa;4.420,00;0;0;0;925,55;19,89;0;0;0;0;5.365,44;5.365,44;;Schmalen, Luisa
78;Pein;Ati;3.800,00;100;0;0;752,87;21,23;0;0;0;0;4.674,10;4.674,10;;Pein, Ati
83;Kovacic;Sofija;4.400,00;0;0;0;924;25,96;0;0;0;0;5.349,96;5.349,96;;Kovacic, Sofija
86;Bischler;Frederik;4.750,00;0;0;0;997,5;28,03;0;0;0;0;5.775,53;5.775,53;;Bischler, Frederik
501;Loeffler;Jonathan;14.840,00;200;0;-650;1.366,55;47,5;0;0;0;0;15.804,05;15.804,05;;Loeffler, Jonathan
502;Gohla;Robert;10.030,35;200;0;-375,52;1.448,65;36,23;0;9,23;0;0;11.348,94;11.348,94;;Gohla, Robert
505;Salingre;Anthony;1.875,00;0;0;0;343,05;11,06;0;0;0;0;2.229,11;2.229,11;;Salingre, Anthony
506;Doretto Doretto;Sandrine;3.750,00;200;0;0;669,68;21,54;0;0;0;0;4.641,22;4.641,22;;Doretto Doretto, Sandrine
508;Reimann-Zawadzki;Meike;1.520,00;0;0;0;276,77;8,97;0;0;0;0;1.805,74;1.805,74;;Reimann-Zawadzki, Meike
513;Chiran;Daniela;4.690,00;0;0;0;981,38;27,68;0;0;0;0;5.699,06;5.699,06;;Chiran, Daniela
517;Berlin;Mercedes;4.400,00;140;0;0;889,31;25,08;0;0;0;0;5.454,39;5.454,39;;Berlin, Mercedes
520;Hafner-Zimmermann;Sabine;4.645,00;200;0;0;924,13;20,01;0;0;0;0;5.789,14;5.789,14;;Hafner-Zimmermann, Sabine
522;Bageritz;Steve;3.944,00;0;0;0;851,7;18,15;0;0;0;0;4.813,85;4.813,85;;Bageritz, Steve
526;Blessing;Victoria;3.642,50;0;0;0;745,45;21,02;0;0;0;0;4.408,97;4.408,97;;Blessing, Victoria
529;Reinert;Marie-Eve;1.607,50;0;0;0;316,32;9,48;0;0;0;0;1.933,30;1.933,30;;Reinert, Marie-Eve
534;Cosic;Miljana;3.527,49;0;0;0;0;0;-3.527,49;0;0;0;3.527,49;0;;Cosic, Miljana
546;Roth;Clementine;4.285,71;140;0;0;876,36;20,94;0;0;0;0;5.323,01;5.323,01;;Roth, Clementine
547;Doll;Timo;6.700,00;140;0;0;1.273,12;28,83;0;0;0;0;8.141,95;8.141,95;;Doll, Timo
552;Kopf;Eva Juliane;5.250,00;140;0;0;1.088,10;30,68;0;0;0;0;6.508,78;6.508,78;;Kopf, Eva Juliane
556;Zeller;Ivo;1.108,00;0;0;0;231,28;6,54;0;0;0;0;1.345,82;1.345,82;;Zeller, Ivo
557;Löhr;Edina;2.930,00;0;0;0;596,36;16,82;0;0;0;0;3.543,18;3.543,18;;Löhr, Edina
560;Haering;Paul;4.552,50;0;0;0;912,54;26,86;0;0;0;0;5.491,90;5.491,90;;Haering, Paul
570;Rios Silva;Fredy;1.194,00;0;0;0;249,84;7,04;0;0;0;0;1.450,88;1.450,88;;Rios Silva, Fredy
574;von Stralendorff;Sophie;3.187,50;0;0;0;672,58;14,02;0;0;0;0;3.874,10;3.874,10;;von Stralendorff, Sophie
580;Gralow;Melanie;5.295,00;0;0;0;1.107,99;31,24;0;0;0;0;6.434,23;6.434,23;;Gralow, Melanie
586;Haack;Karoline Johanna;3.562,50;0;0;0;759,7;16,03;0;0;0;0;4.338,23;4.338,23;;Haack, Karoline Johanna
590;Escoto de Tejada;Marta;0;0;0;0;0;0;0;0;0;0;0;0;;Escoto de Tejada, Marta
594;Rios Rodriguez;Daniela;5.650,00;0;0;0;1.168,07;33,34;0;0;0;0;6.851,41;6.851,41;;Rios Rodriguez, Daniela
595;Buchter;Angelina-Erika;0;0;0;0;0;0;0;0;0;0;0;0;;Buchter, Angelina-Erika
596;Schleicher;Lena;5.450,00;100;0;0;1.098,56;30,98;0;0;0;0;6.679,54;6.679,54;;Schleicher, Lena
597;Bubeck;Alena;4.360,00;100;0;0;870,48;24,54;0;0;0;0;5.355,02;5.355,02;;Bubeck, Alena
605;Böhm;Katharina;0;0;0;0;0;0;0;0;0;0;0;0;;Böhm, Katharina
606;Sanga;Chrispin Boniface;4.580,00;0;0;0;941,63;26,55;0;0;0;0;5.548,18;5.548,18;;Sanga, Chrispin Boniface
607;Zillober;Mirjam;1.200,00;0;0;0;249,54;5,4;0;0;0;0;1.454,94;1.454,94;;Zillober, Mirjam
608;Fath;Leonie;4.900,00;0;0;0;1.026,55;31,85;0;0;0;0;5.958,40;5.958,40;;Fath, Leonie
610;Loeffler;Marie;0;0;0;0;0;0;0;0;0;0;0;0;;Loeffler, Marie
613;Delpachithra Arachchige;Dhanesh Chathuranga;4.200,00;0;0;0;878,85;24,78;0;0;0;0;5.103,63;5.103,63;;Delpachithra Arachchige, Dhanesh Chathuranga
622;Bitter;Kristina;3.570,00;0;0;0;747,02;21,07;0;0;0;0;4.338,09;4.338,09;;Bitter, Kristina
627;Schenk;Robin;4.600,00;0;0;0;966;27,14;0;0;0;0;5.593,14;5.593,14;;Schenk, Robin
635;Qian;Ina;3.900,00;0;0;0;816,08;23,01;0;0;0;0;4.739,09;4.739,09;;Qian, Ina
638;Cimesa;Tania;4.100,00;0;0;0;861;24,19;0;0;0;0;4.985,19;4.985,19;;Cimesa, Tania
639;Pierro;Annalisa;5.150,00;0;0;0;1.077,64;30,39;0;0;0;0;6.258,03;6.258,03;;Pierro, Annalisa
640;Harzer;Liesa;3.360,00;0;0;0;703,08;19,82;0;0;0;0;4.082,90;4.082,90;;Harzer, Liesa
641;Deckers;Anke;927,5;0;0;0;197,8;4,17;0;0;0;0;1.129,47;1.129,47;;Deckers, Anke
642;Riedmüller;Katharina;520;0;0;0;145,6;1,92;0;0;0;0;667,52;667,52;;Riedmüller, Katharina
644;Wetzel;Julia Jolanda;4.000,00;0;0;0;837;23,6;0;0;0;0;4.860,60;4.860,60;;Wetzel, Julia Jolanda
646;Spiljak Braim;Silvija;4.100,00;0;0;0;861;24,19;0;0;0;0;4.985,19;4.985,19;;Spiljak Braim, Silvija
647;Höhn;Verena;5.100,00;0;0;0;1.065,90;19,38;0;0;0;0;6.185,28;6.185,28;;Höhn, Verena
649;Spenthof;Lucy;3.274,19;0;0;0;685,13;19,32;0;0;0;0;3.978,64;3.978,64;;Spenthof, Lucy
650;Yasaminshirazi;Khadijeh;5.100,00;0;0;0;1.091,40;23,97;0;0;0;0;6.215,37;6.215,37;;Yasaminshirazi, Khadijeh
651;Aron Winkler;Andreas;4.800,00;0;0;0;1.008,00;28,32;0;0;0;0;5.836,32;5.836,32;;Aron Winkler, Andreas
Summen:;;;287.711,26;3.480,00;0;-2.153,92;54.440,53;1.480,72;-3.527,49;9,23;0;0;344.967,82;341.440,33;;
