Beraternummer:;524201;Mandant:;Steinbeis Innovation gGmbH;VKZ:;C0X;Datum:;14.05.2024;;;;;;;;;
Mandantennummer:;2016;;Leuschnerstraße 43;;;;;;;;;;;;;
;;;70176 Stuttgart;;;;;;;;;;;;;
;;;;;;Abrechnungsdatum:;Mai 24;;;;;;;;;
;;;;;;;;;;;;;;;;
;;;;;;;;;;;;;;;;
;;;;;;;;;;;;;;;;
Personalkostenübersicht;Mai;2024;;;;;;;;;;;;;;
Pers.-Nr.;Nachname;Vorname;Gesamtbrutto;AG-Anteil bAV;Förderbetrag;Nettobezüge/Nettoabzüge;SV-AG-Anteil;Umlage;Erstattung KK;Pauschale Steuern;Erstattung BA;Erstattungen IfSG;Gesamtkosten ohne Erstattung;Gesamtkosten;;
;;;;;;;;;;;;;;;;
9;Salingre;Anthony;5.118,75;320;0;0;916,7;32,95;0;0;0;0;6.388,40;6.388,40;;Salingre, Anthony
13;Schlicke;Anna Charlotte;6.480,00;410;0;0;1.188,74;41,8;0;0;0;0;8.120,54;8.120,54;;Schlicke, Anna Charlotte
14;Bageritz;Steve;954;0;0;0;178,73;2,27;0;0;0;0;1.135,00;1.135,00;;Bageritz, Steve
16;Mortimer;Sarah;0;0;0;0;0;0;0;0;0;0;0;0;;Mortimer, Sarah
27;Bilbao;Jennifer;6.255,00;140;0;0;1.146,07;30,63;0;0;0;0;7.571,70;7.571,70;;Bilbao, Jennifer
30;Hafner-Zimmermann;Sabine;894;0;0;0;179,24;4,56;0;0;0;0;1.077,80;1.077,80;;Hafner-Zimmermann, Sabine
38;Barrientos;Fernando Javier;2.075,00;0;0;0;419,17;10,38;0;0;0;0;2.504,55;2.504,55;;Barrientos, Fernando Javier
42;Remmele-Hertfelder;Bettina;3.380,00;220;0;0;656,5;16,25;0;0;0;0;4.272,75;4.272,75;;Remmele-Hertfelder, Bettina
50;Doretto;Sandrine;2.930,63;0;0;0;583,85;19,05;0;0;0;0;3.533,53;3.533,53;;Doretto, Sandrine
53;Pratlong;Maeva;5.000,00;0;0;0;1.010,00;25;0;0;0;0;6.035,00;6.035,00;;Pratlong, Maeva
54;Reimann-Zawadzki;Meike;5.560,00;160;0;0;968,26;27,2;0;0;0;0;6.715,46;6.715,46;;Reimann-Zawadzki, Meike
55;Campos Cuellar;Astrid Alejandra;6.210,00;120;0;0;1.144,22;39,07;0;0;0;0;7.513,29;7.513,29;;Campos Cuellar, Astrid Alejandra
58;Föll;Birgit;2.150,00;0;0;0;445,05;10,97;0;0;0;0;2.606,02;2.606,02;;Föll, Birgit
62;Mack;Anette;3.570,00;200;0;0;709,02;17,55;0;0;0;0;4.496,57;4.496,57;;Mack, Anette
64;Löhr;Edina;0;0;0;0;0;0;0;0;0;0;0;0;;Löhr, Edina
65;Fritz;Jacqueline Irena;4.646,65;0;0;0;938,63;23,24;0;0;0;0;5.608,52;5.608,52;;Fritz, Jacqueline Irena
66;Kopf;Eva Juliane;5.000,00;0;0;0;1.010,00;25;0;0;0;0;6.035,00;6.035,00;;Kopf, Eva Juliane
71;Rios Silva;Fredy;4.496,00;0;0;0;865,54;22,08;0;0;0;0;5.383,62;5.383,62;;Rios Silva, Fredy
74;Haering;Paul;4.215,00;0;0;0;827,16;27,4;0;0;0;0;5.069,56;5.069,56;;Haering, Paul
82;Schumacher;Patrik;3.726,65;0;0;0;752,79;18,64;0;0;0;0;4.498,08;4.498,08;;Schumacher, Patrik
85;Reinert;Marie-Eve;4.410,00;140;0;0;819,63;21,25;0;0;0;0;5.390,88;5.390,88;;Reinert, Marie-Eve
88;Hüttner;Regina;0;0;0;0;0;0;0;0;0;0;0;0;;Hüttner, Regina
89;Kaiser;Isabel;3.800,00;100;0;0;754,8;24,05;0;0;0;0;4.678,85;4.678,85;;Kaiser, Isabel
90;Butorajac Djurovic;Stela;4.340,00;0;0;0;876,68;21,7;0;0;0;0;5.238,38;5.238,38;;Butorajac Djurovic, Stela
92;Casado Hebrard;Francisco Javier;4.125,00;0;0;0;812,82;20,63;0;0;0;0;4.958,45;4.958,45;;Casado Hebrard, Francisco Javier
94;Haack;Karoline Johanna;962,5;0;0;0;196,77;4,91;0;0;0;0;1.164,18;1.164,18;;Haack, Karoline Johanna
95;Wehner;Regine;5.600,00;0;0;0;1.090,41;28;0;0;0;0;6.718,41;6.718,41;;Wehner, Regine
97;Hörner;Lucia;4.725,00;0;0;0;959,2;24,1;0;0;0;0;5.708,30;5.708,30;;Hörner, Lucia
98;von Stralendorff;Sophie;962,5;100;0;0;186,6;3,93;0;0;0;0;1.253,03;1.253,03;;von Stralendorff, Sophie
99;Escoto de Tejada;Marta;3.250,00;0;0;0;662,68;13,65;0;0;0;0;3.926,33;3.926,33;;Escoto de Tejada, Marta
100;Pein;Sabrina;3.850,00;0;0;0;777,7;19,25;0;0;0;0;4.646,95;4.646,95;;Pein, Sabrina
102;Dubreuilh;Isabelle;4.905,00;0;0;0;990,83;24,52;0;0;0;0;5.920,35;5.920,35;;Dubreuilh, Isabelle
107;Sarnot;Vipul;4.300,00;0;0;0;868,6;21,5;0;0;0;0;5.190,10;5.190,10;;Sarnot, Vipul
110;Rubio Martinez;Marta;2.450,00;0;0;0;494,9;12,25;0;0;0;0;2.957,15;2.957,15;;Rubio Martinez, Marta
111;Bubeck;Alena;5.000,00;30;0;0;969,6;24;0;0;0;0;6.023,60;6.023,60;;Bubeck, Alena
113;Deufel;Martina;5.350,00;0;0;0;1.074,26;34,78;0;0;0;0;6.459,04;6.459,04;;Deufel, Martina
114;Duffner;Clara Maria;3.930,00;0;0;0;787,33;16,56;0;0;0;0;4.733,89;4.733,89;;Duffner, Clara Maria
116;von Netzer;Frederick;4.050,00;0;0;0;801,9;20,25;0;0;0;0;4.872,15;4.872,15;;von Netzer, Frederick
121;Burkhardt;Pia;0;0;0;0;0;0;0;0;0;0;0;0;;Burkhardt, Pia
122;Hanß;Lisa Marie;3.900,00;0;0;0;795,6;25,35;0;0;0;0;4.720,95;4.720,95;;Hanß, Lisa Marie
123;Akkus;Abdullah Alparslan;4.950,00;0;0;0;1.009,80;32,18;0;0;0;0;5.991,98;5.991,98;;Akkus, Abdullah Alparslan
124;Radanovic;Natalia;4.300,00;0;0;0;877,2;27,95;0;0;0;0;5.205,15;5.205,15;;Radanovic, Natalia
125;Weindl;Lukas;4.300,00;0;0;0;876,77;19,35;0;0;0;0;5.196,12;5.196,12;;Weindl, Lukas
126;Czech;Andreas;5.100,00;0;0;0;1.030,20;25,5;0;0;0;0;6.155,70;6.155,70;;Czech, Andreas
127;Hafner;Maren;4.600,00;0;0;0;938,4;29,9;0;0;0;0;5.568,30;5.568,30;;Hafner, Maren
128;Chopard;Adelaide;5.100,00;0;0;0;1.030,20;25,5;0;0;0;0;6.155,70;6.155,70;;Chopard, Adelaide
129;Korobovich;Ekaterina;3.187,10;0;0;0;643,79;15,93;0;0;0;0;3.846,82;3.846,82;;Korobovich, Ekaterina
130;Findling;Jacqueline;4.100,00;0;0;0;828,2;20,5;0;0;0;0;4.948,70;4.948,70;;Findling, Jacqueline
131;Sanders;Luise;3.420,00;0;0;0;690,84;17,1;0;0;0;0;4.127,94;4.127,94;;Sanders, Luise
132;Merker;Laura;4.900,00;0;0;0;999,11;20,58;0;0;0;0;5.919,69;5.919,69;;Merker, Laura
133;Schmaltz;Laura;3.520,00;0;0;0;711,04;17,6;0;0;0;0;4.248,64;4.248,64;;Schmaltz, Laura
134;Bönsch;Cordula;4.100,00;0;0;0;828,2;20,5;0;0;0;0;4.948,70;4.948,70;;Bönsch, Cordula
135;Würtz;Yvonne;3.800,00;0;0;0;777,1;17,48;0;0;0;0;4.594,58;4.594,58;;Würtz, Yvonne
136;Schäfer;Emily Maja;0;0;0;0;0;0;0;0;0;0;0;0;;Schäfer, Emily Maja
Summen:;;;197.948,78;1.940,00;0;0;39.100,83;1.044,79;0;0;0;0;240.034,40;240.034,40;;, 
