Beraternummer:;524201;Mandant:;Steinbeis 2i GmbH;VKZ:;616;Datum:;14.03.2024;;;;;;;;;
Mandantennummer:;2017;;Leuschnerstraße 43;;;;;;;;;;;;;
;;;70176 Stuttgart;;;;;;;;;;;;;
;;;;;;Abrechnungsdatum:;Mrz 24;;;;;;;;;
;;;;;;;;;;;;;;;;
;;;;;;;;;;;;;;;;
;;;;;;;;;;;;;;;;
Personalkostenübersicht;März;2024;;;;;;;;;;;;;;
Pers.-Nr.;Nachname;Vorname;Gesamtbrutto;AG-Anteil bAV;Förderbetrag;Nettobezüge/Nettoabzüge;SV-AG-Anteil;Umlage;Erstattung KK;Pauschale Steuern;Erstattung BA;Erstattungen IfSG;Gesamtkosten ohne Erstattung;Gesamtkosten;;
;;;;;;;;;;;;;;;;
1;Heckmann;Katrin;4.110,00;200;0;0;818,1;17,17;0;0;0;0;5.145,27;5.145,27;;Heckmann, Katrin
5;Fischer;Heike;7.606,65;200;0;0;1.192,46;37,74;0;0;0;0;9.036,85;9.036,85;;Fischer, Heike
7;Marschalek;Olga;5.770,00;200;0;0;1.147,89;20,59;0;0;0;0;7.138,48;7.138,48;;Marschalek, Olga
11;Knöbel-French;Tracey;9.885,05;200;0;-1.128,40;1.265,94;37,75;0;0;0;0;10.260,34;10.260,34;;Knöbel-French, Tracey
13;Heni;Angela;4.519,16;0;0;0;916,94;15,7;0;0;0;0;5.451,80;5.451,80;;Heni, Angela
14;Polonski;Ksenia;3.533,33;200;0;0;703,63;14,34;0;0;0;0;4.451,30;4.451,30;;Polonski, Ksenia
15;Fezer;Alexandra;4.213,33;200;0;0;851,25;18,51;0;0;0;0;5.283,09;5.283,09;;Fezer, Alexandra
20;Bahr;Valerie;9.200,00;200;0;0;1.307,46;49,08;0;0;0;0;10.756,54;10.756,54;;Bahr, Valerie
25;Sachs;Isabell;0;0;0;0;0;0;0;0;0;0;0;0;;Sachs, Isabell
40;Schäfer;Hanna;5.860,00;100;0;0;1.091,80;23,31;0;0;0;0;7.075,11;7.075,11;;Schäfer, Hanna
44;Kaiser;Gabriele;3.700,00;200;0;0;878,02;13,4;0;0;0;0;4.791,42;4.791,42;;Kaiser, Gabriele
48;Dimakou Bertels;Ariadne;4.000,00;0;0;0;816;26;0;0;0;0;4.842,00;4.842,00;;Dimakou Bertels, Ariadne
53;Sbarbati;Stefano;5.140,00;0;0;0;1.022,12;22,22;0;0;0;0;6.184,34;6.184,34;;Sbarbati, Stefano
60;Haeßler;Sabine;6.270,00;0;0;0;1.181,87;28,83;0;0;0;0;7.480,70;7.480,70;;Haeßler, Sabine
61;Mertens;Vanessa;5.100,00;100;0;0;1.022,50;18,91;0;0;0;0;6.241,41;6.241,41;;Mertens, Vanessa
65;Keller;Siora;4.806,65;0;0;0;980,56;27,11;0;0;0;0;5.814,32;5.814,32;;Keller, Siora
66;Weidenfelder;Elke;5.700,00;0;0;0;1.094,20;32,92;0;0;0;0;6.827,12;6.827,12;;Weidenfelder, Elke
69;Schmalen;Luisa;4.870,00;0;0;0;990,81;21,69;0;0;0;0;5.882,50;5.882,50;;Schmalen, Luisa
73;Casado Hebrard;Francisco Javier;1.550,00;100;0;0;236,65;6,73;0;0;0;0;1.893,38;1.893,38;;Casado Hebrard, Francisco Javier
80;Amarysti;Canesia;4.200,00;0;0;0;848,4;21;0;0;0;0;5.069,40;5.069,40;;Amarysti, Canesia
81;Sarnot;Vipul;4.300,00;0;0;0;868,6;21,5;0;0;0;0;5.190,10;5.190,10;;Sarnot, Vipul
82;Seim;Alice;4.850,00;0;0;0;979,7;24,25;0;0;0;0;5.853,95;5.853,95;;Seim, Alice
83;Kovacic;Sofija;4.200,00;0;0;0;856,8;27,3;0;0;0;0;5.084,10;5.084,10;;Kovacic, Sofija
86;Bischler;Frederik;4.350,00;0;0;0;887,4;28,28;0;0;0;0;5.265,68;5.265,68;;Bischler, Frederik
501;Loeffler;Jonathan;14.940,00;200;0;-650;1.251,37;49,08;0;0;0;0;15.790,45;15.790,45;;Loeffler, Jonathan
502;Gohla;Robert;9.461,38;200;0;-372,73;1.313,93;38,51;0;9,23;0;0;10.650,32;10.650,32;;Gohla, Robert
505;Salingre;Anthony;1.881,25;0;0;0;353,77;11,19;0;0;0;0;2.246,21;2.246,21;;Salingre, Anthony
506;Doretto;Sandrine;3.120,00;160;0;0;569,04;17,56;0;0;0;0;3.866,60;3.866,60;;Doretto, Sandrine
508;Reimann-Zawadzki;Meike;1.530,00;0;0;0;168,82;5,12;0;0;0;0;1.703,94;1.703,94;;Reimann-Zawadzki, Meike
513;Chiran;Daniela;4.500,00;0;0;0;909;22,5;0;0;0;0;5.431,50;5.431,50;;Chiran, Daniela
517;Berlin;Mercedes;4.000,00;0;0;0;808;20;0;0;0;0;4.828,00;4.828,00;;Berlin, Mercedes
520;Hafner-Zimmermann;Sabine;3.576,00;200;0;0;692,93;17,22;0;0;0;0;4.486,15;4.486,15;;Hafner-Zimmermann, Sabine
522;Bageritz;Steve;3.523,23;0;0;0;720,5;8,88;0;0;0;0;4.252,61;4.252,61;;Bageritz, Steve
526;Blessing;Victoria;3.273,45;0;0;0;645,07;15,97;0;0;0;0;3.934,49;3.934,49;;Blessing, Victoria
529;Reinert;Marie-Eve;1.645,00;0;0;0;341,94;7,46;0;0;0;0;1.994,40;1.994,40;;Reinert, Marie-Eve
534;Cosic;Miljana;5.675,00;140;0;0;1.087,38;24,76;0;0;0;0;6.927,14;6.927,14;;Cosic, Miljana
546;Roth;Clementine;4.140,00;120;0;0;807,44;14,12;0;0;0;0;5.081,56;5.081,56;;Roth, Clementine
547;Doll;Timo;6.600,00;120;0;0;1.198,75;27,95;0;0;0;0;7.946,70;7.946,70;;Doll, Timo
556;Zeller;Ivo;5.820,00;0;0;0;1.266,69;25,62;0;0;0;0;7.112,31;7.112,31;;Zeller, Ivo
560;Haering;Paul;1.580,00;0;0;0;294,26;9,24;0;0;0;0;1.883,50;1.883,50;;Haering, Paul
570;Rios Silva;Fredy;1.244,00;0;0;0;231,23;5,61;0;0;0;0;1.480,84;1.480,84;;Rios Silva, Fredy
574;von Stralendorff;Sophie;3.412,50;0;0;0;697,88;12,73;0;0;0;0;4.123,11;4.123,11;;von Stralendorff, Sophie
584;Schumacher;Patrik;1.070,00;0;0;0;216,14;4,73;0;0;0;0;1.290,87;1.290,87;;Schumacher, Patrik
586;Haack;Karoline Johanna;3.412,50;0;0;0;697,72;15,04;0;0;0;0;4.125,26;4.125,26;;Haack, Karoline Johanna
594;Rios Rodriguez;Daniela;5.400,00;0;0;0;1.069,21;27;0;0;0;0;6.496,21;6.496,21;;Rios Rodriguez, Daniela
595;Buchter;Angelina-Erika;3.800,00;0;0;0;775,2;24,7;0;0;0;0;4.599,90;4.599,90;;Buchter, Angelina-Erika
596;Schleicher;Lena;5.000,00;30;0;0;969,6;24;0;0;0;0;6.023,60;6.023,60;;Schleicher, Lena
602;Schlichenmaier;Nadja;4.900,00;0;0;0;1.008,91;19,6;0;0;0;0;5.928,51;5.928,51;;Schlichenmaier, Nadja
604;Ertmann;Jan;5.750,00;0;0;0;1.106,31;28,75;0;0;0;0;6.885,06;6.885,06;;Ertmann, Jan
606;Sanga;Chrispin Boniface;3.950,00;0;0;0;797,9;19,75;0;0;0;0;4.767,65;4.767,65;;Sanga, Chrispin Boniface
607;Zillober;Mirjam;4.000,00;0;0;0;815,8;20,4;0;0;0;0;4.836,20;4.836,20;;Zillober, Mirjam
608;Fath;Leonie;4.500,00;0;0;0;911,25;19,8;0;0;0;0;5.431,05;5.431,05;;Fath, Leonie
609;von Netzer;Frederick;1.350,00;0;0;0;267,29;6,75;0;0;0;0;1.624,04;1.624,04;;von Netzer, Frederick
612;Ivic;Fiona;475;0;0;0;133;1,43;0;0;0;0;609,43;609,43;;Ivic, Fiona
613;Delpachithra Arachchige;Dhanesh Chathuranga;3.700,00;0;0;0;747,4;18,5;0;0;0;0;4.465,90;4.465,90;;Delpachithra Arachchige, Dhanesh Chathuranga
615;Strunkeviciute;Laura;480;0;0;0;134,4;1,44;0;0;0;0;615,84;615,84;;Strunkeviciute, Laura
617;Sarenkapa;Tea;2.550,00;0;0;0;520,2;16,58;0;0;0;0;3.086,78;3.086,78;;Sarenkapa, Tea
622;Bitter;Kristina;3.600,00;0;0;0;727,2;18;0;0;0;0;4.345,20;4.345,20;;Bitter, Kristina
624;Olems;Alexander;195;0;0;0;54,6;0,59;0;0;0;0;250,19;250,19;;Olems, Alexander
625;Findling;Jacqueline;-424,14;0;0;0;-85,67;-2,12;0;0;0;0;-511,93;-511,93;;Findling, Jacqueline
626;Bönsch;Cordula;1.200,00;0;0;0;0;6;0;0;0;0;1.206,00;1.206,00;;Bönsch, Cordula
Summen:;;;252.564,34;3.070,00;0;-2.151,13;46.183,56;1.158,79;0;9,23;0;0;300.834,79;300.834,79;;
