n_id,dwt_id,dwp_id,nww_worktime,nww_worktime_seconds,update_timestamp,nwt2wp_uuid
375811,237811,4437,03:00:00,10800,2024-07-10T09:59:21Z,268eb527-1c7f-4e7f-ba20-cf61739cc845
375992,237969,4437,05:00:00,18000,2024-07-10T09:59:21Z,f04523fc-c396-40c8-94f3-61cf91a5f0c0
375995,237970,4437,02:00:00,7200,2024-07-10T09:59:21Z,e8790122-23ae-45cc-ad28-e7f4052febd7
377543,238730,4437,02:00:00,7200,2024-07-10T09:59:21Z,f68f8a6f-6e40-4a70-aa40-1749a6490c8c
377552,238732,4437,02:00:00,7200,2024-07-10T09:59:21Z,29f0f3d6-7583-4c30-a767-f532b28bccb0
377557,238733,4437,03:30:00,12600,2024-07-10T09:59:21Z,ec40dcfa-7ffd-4272-832d-baa3df8f8db7
377691,238113,4437,08:00:00,28800,2024-07-10T09:59:21Z,09d561d6-952b-48ef-9d37-2adca29e16c0
377692,238114,4437,08:00:00,28800,2024-07-10T09:59:21Z,f63d1588-77ed-43ee-a7e3-49f9a3f83299
377693,238115,4437,09:00:00,32400,2024-07-10T09:59:21Z,828be3c1-9fa2-4846-b3f8-68ad6d3aeb39
377694,238110,4437,03:15:00,11700,2024-07-10T09:59:21Z,1c8d49f0-d6b5-4e99-a10a-4a237ac2688f
377695,238112,4437,07:15:00,26100,2024-07-10T09:59:21Z,ed00c338-ec71-4c4b-a0da-41a9c8fea0d1
377696,238111,4437,05:15:00,18900,2024-07-10T09:59:21Z,e689050e-5a8b-469c-8888-ed696487c74f
377697,238324,4437,06:00:00,21600,2024-07-10T09:59:21Z,d0b40616-117a-4d0c-bc09-bf7cfc4e557c
377698,237583,4437,03:15:00,11700,2024-07-10T09:59:21Z,f021103a-5361-47f5-bcfe-79dedbc9850c
377713,237384,4437,05:30:00,19800,2024-07-10T09:59:21Z,f0c93527-a413-4669-af9d-3c89f876f307
377714,237209,4437,01:00:00,3600,2024-07-10T09:59:21Z,ab379c1c-337d-4498-a67d-27e72e36bdaa
377716,237385,4437,06:15:00,22500,2024-07-10T09:59:21Z,a4587ea6-2e4c-4f90-96e4-ab58b994e000
377717,237386,4437,06:45:00,24300,2024-07-10T09:59:21Z,61983e41-ee7c-4bef-a986-b63f5da80852
377718,237582,4437,06:15:00,22500,2024-07-10T09:59:21Z,1634d921-b16f-419d-99bd-01c6c9971d2a
377723,238325,4437,07:00:00,25200,2024-07-10T09:59:21Z,9dcf34e9-df11-47ea-a497-74db78a32a54
377724,238326,4437,00:15:00,900,2024-07-10T09:59:21Z,137fdf4c-3192-49ab-b0e5-af4ecc6cce2f
378413,238980,4437,03:00:00,10800,2024-07-10T09:59:21Z,eae3150c-4658-4221-bcbf-452e197e4e57
378420,239488,4437,03:00:00,10800,2024-07-10T09:59:21Z,d3442bbf-e35c-45ec-adfa-16f42c51471e
378418,239487,4437,01:00:00,3600,2024-07-10T09:59:21Z,49fabf50-2a7d-4093-8a74-bea65374dd84
381035,240477,4437,02:00:00,7200,2024-07-10T09:59:21Z,df48b219-c572-4d92-bc8f-5efd7f08446e
381038,240478,4437,02:00:00,7200,2024-07-10T09:59:21Z,866bc510-ef9e-4cf2-9b73-c627ff1670a5
381042,240479,4437,02:00:00,7200,2024-07-10T09:59:21Z,e76e8d5a-28d0-46fe-9554-4a2a8b22bbf9
403191,257431,4489,08:00:00,28800,2024-09-18T14:11:39Z,7856c5e5-fc59-4af8-863d-82345226b1df
403211,257439,4489,08:00:00,28800,2024-09-18T14:14:09Z,a2714dfe-58c5-448d-ac65-4582784728fd
407331,259118,4489,06:00:00,21600,2024-10-18T13:05:29Z,289b9946-c124-4c31-bfda-2cbf7799614e
407332,259119,4489,08:00:00,28800,2024-10-18T13:09:04Z,48b2ac2a-2383-4bbf-bd0d-e0f12874108c
423040,264976,4415,04:00:00,14400,2025-02-18T17:19:07Z,065649c2-c7c1-4b8d-8abe-36880a8f6abd
422993,265554,4378,08:00:00,28800,2025-02-17T11:25:02Z,d4e2b2f1-3a62-4424-9639-2b09c7acea7c
422995,265785,4378,05:30:00,19800,2025-02-17T11:25:23Z,8783acfc-89a4-4d08-9e6b-bd69e40066c3
422996,266057,4378,08:45:00,31500,2025-02-17T11:25:35Z,4f9e1536-87d0-44da-abc5-2e4fc1f0a192
423000,266469,4378,08:30:00,30600,2025-02-17T11:26:36Z,980481cb-9c88-4f9f-bf77-fd9829b5ff88
423001,266529,4378,08:30:00,30600,2025-02-17T11:26:44Z,d895429c-3d6f-4e4d-8c9e-4bb777ed36a0
423004,266847,4378,08:00:00,28800,2025-02-17T11:27:16Z,cfefc561-836a-488a-9415-699d6783974e
423005,267005,4376,10:00:00,36000,2025-02-17T11:27:26Z,88e89217-277f-4e7b-ac1e-f6d6226f87b2
423006,267006,4913,03:30:00,12600,2025-02-17T11:27:37Z,c838821b-d9f0-4660-a01e-216600a02c95
423008,267520,4378,08:15:00,29700,2025-02-17T11:27:59Z,dd62839b-9beb-4a8d-9d79-6c18f0049943
423041,265161,4415,09:30:00,34200,2025-02-18T17:21:23Z,46d277f5-3fdb-47a1-afa4-9d9be8c405ad
423043,265344,4415,09:00:00,32400,2025-02-18T17:22:08Z,fc3f3408-1e45-4238-af2a-55184459a09e
423045,266958,4415,04:00:00,14400,2025-02-18T17:22:52Z,acfd2b4c-6d59-4292-b36d-7eb8f6e2a9f5
423047,266960,4415,07:30:00,27000,2025-02-18T17:24:19Z,19dbaab9-5173-42ef-b760-05729afdfc5f
423048,266961,4415,09:00:00,32400,2025-02-18T17:25:17Z,57f467df-40d9-4891-94eb-ff71582beb94
423050,266966,4415,08:30:00,30600,2025-02-18T17:26:53Z,0aaf6ea9-275d-44af-87f9-36494bd395e3
423052,266968,4415,09:00:00,32400,2025-02-18T17:28:17Z,6002bc37-756b-43d5-afae-089a39407881
423053,266969,4415,08:00:00,28800,2025-02-18T17:29:46Z,e69acfd5-1033-4099-8f63-e16da87240bd
423167,267707,4518,05:00:00,18000,2025-02-19T12:38:20Z,0329b008-2998-48c3-85ad-be7628057c12
423327,267956,4875,02:00:00,7200,2025-02-23T16:22:24Z,11040a2e-5168-4ed1-baa8-fa0e99169212
423329,267957,4878,03:00:00,10800,2025-02-23T16:22:46Z,5dbaaa8e-e0b2-4f72-963a-9cf5b30001c0
423330,267957,4875,02:00:00,7200,2025-02-23T16:22:46Z,2fa96dbb-5909-440c-a34c-4120b60b1094
423326,267956,4878,02:00:00,7200,2025-02-23T16:23:56Z,7f5715e5-9e05-4f2b-9595-1e2a9a5773f4
423332,267958,4918,04:30:00,16200,2025-02-23T16:25:06Z,4df0e7ad-769f-4248-922b-3e088b4fdd7c
423333,267958,4879,01:00:00,3600,2025-02-23T16:25:06Z,8c43140c-a916-4263-aba9-6fac09861ac9
423334,267958,4875,02:00:00,7200,2025-02-23T16:25:06Z,eb63eb68-4ed6-49c9-9a04-3bc7b1c6d246
423335,267959,4878,06:00:00,21600,2025-02-23T16:26:02Z,fde0c22e-8cc2-453c-b3bb-8229f402629a
423336,267959,4876,01:00:00,3600,2025-02-23T16:26:02Z,2410da61-449c-478c-810e-042cc73e9fc2
423339,267960,4878,03:00:00,10800,2025-02-23T16:27:31Z,45af29f1-a3d6-4f38-aef1-f579503b5389
423340,267960,4875,02:00:00,7200,2025-02-23T16:27:31Z,a10c3579-e1a6-4dd0-8ba0-54a72e47d613
423346,267962,4876,04:00:00,14400,2025-02-23T16:31:22Z,cfe3ac03-47f6-446b-9c9a-ec9cd37a16fc
423347,267962,4875,02:00:00,7200,2025-02-23T16:31:22Z,03d23449-6613-4be7-9601-724d9a2b14e1
423348,267963,4918,02:00:00,7200,2025-02-23T16:35:24Z,e38d4d2f-520a-4bd5-afd1-3b61371634dd
423350,267963,4879,03:00:00,10800,2025-02-23T16:35:24Z,81d47718-96a4-4f6c-8bf6-a2d8934cb5b7
423351,267963,4876,01:00:00,3600,2025-02-23T16:35:24Z,1ed23786-a52a-4026-89f6-e802ebc9cddb
423352,267963,4873,01:00:00,3600,2025-02-23T16:35:24Z,baf4013c-de72-4ade-8280-fdd048791ea8
423353,267964,4920,02:30:00,9000,2025-02-23T16:36:23Z,1dfc3c8f-817e-4bc3-8052-3d27aa48b252
423355,267964,4876,02:00:00,7200,2025-02-23T16:36:23Z,d94a2a9c-5c60-4980-8c25-f1e9ad62ed7a
423358,267965,4878,02:00:00,7200,2025-02-23T16:37:26Z,ae3efa75-c527-48f9-97e0-2503456e2b73
423360,267966,4879,02:00:00,7200,2025-02-23T16:38:30Z,436cd0f6-7306-4b15-8214-3ebb13ef909c
423361,267966,4878,03:00:00,10800,2025-02-23T16:38:30Z,2fed9067-e4c0-4b15-a8d1-3d8ea7e918d4
423362,267966,4873,01:00:00,3600,2025-02-23T16:38:30Z,b014aea0-e407-47f9-a056-dacda8192a03
423365,267967,4873,01:00:00,3600,2025-02-23T16:40:03Z,9791ba7c-3cec-4163-8fa4-ac6c57a54d33
423366,267967,4876,03:00:00,10800,2025-02-23T16:40:03Z,88a35b02-2586-417f-b004-a6605453c826
423369,267981,4876,02:00:00,7200,2025-02-23T16:42:26Z,befe3e4d-75b7-4280-89eb-2dff64b07e61
423370,267981,4875,01:00:00,3600,2025-02-23T16:42:26Z,b1078f2b-b0d2-4d54-9fea-968751fa139d
423371,267980,4879,02:00:00,7200,2025-02-23T16:43:44Z,7efea053-e109-4b51-a779-8deb6620ce84
423372,267980,4877,01:00:00,3600,2025-02-23T16:43:44Z,347379c1-0bb3-401a-b295-f3534d76947a
423373,267980,4876,01:00:00,3600,2025-02-23T16:43:44Z,5e5fe7a2-95ca-4959-ba9a-2f8f2bcd094c
423374,267980,4875,02:00:00,7200,2025-02-23T16:43:44Z,e4ca5d84-5413-4834-8d26-86d2ccf18b97
423375,267980,4919,03:00:00,10800,2025-02-23T16:43:44Z,fa0e01b8-3e5d-4fd6-aee4-a3a837fb0f56
423379,267978,4879,02:00:00,7200,2025-02-23T16:46:47Z,c2f43781-465c-4569-8d3b-401f96f4516a
423380,267978,4876,02:00:00,7200,2025-02-23T16:46:47Z,4993399d-9cd6-465b-9504-e6e404ff2000
423381,267978,4875,02:00:00,7200,2025-02-23T16:46:47Z,16ab814f-02f3-4867-92f4-4eff1b018e54
423384,267977,4874,06:00:00,21600,2025-02-23T16:47:44Z,9ef69e2a-58d0-4efa-8b8d-7e6ee831fac0
423387,267976,4879,02:00:00,7200,2025-02-23T16:53:46Z,2e60b620-e6c5-4ac8-8007-a46eed16dee4
423388,267976,4874,03:00:00,10800,2025-02-23T16:53:46Z,441ebd8c-4923-413c-8395-ab1abd071a94
423391,267975,4876,01:00:00,3600,2025-02-23T16:56:23Z,01f127c0-8da7-4ab4-b666-56b729c1c178
423392,267975,4875,02:00:00,7200,2025-02-23T16:56:23Z,241fd51a-354c-4518-ac94-da96124ade2f
423393,267975,4874,03:00:00,10800,2025-02-23T16:56:23Z,6d47d6e2-ed9e-468d-9469-e6cdc9d0e77b
423396,267974,4876,02:00:00,7200,2025-02-23T16:57:43Z,ef243882-5e8b-4d21-a2b9-89d589f19a21
423397,267974,4874,02:00:00,7200,2025-02-23T16:57:43Z,56996887-3998-4057-b5ac-20d32e9d7b08
423399,267973,4918,03:00:00,10800,2025-02-23T16:59:26Z,59e13dc2-7794-469c-a32f-bd6ef79e2a43
423400,267973,4876,01:00:00,3600,2025-02-23T16:59:26Z,adf165bd-a6b3-462d-bc3b-8bd583b93588
423401,267973,4875,02:00:00,7200,2025-02-23T16:59:26Z,0bab8453-075e-4470-be48-490289bcf63d
423403,267969,4920,03:00:00,10800,2025-02-23T17:01:35Z,25ed16a3-ce80-4cff-b989-0c97fb4eeadb
423404,267969,4918,02:00:00,7200,2025-02-23T17:01:35Z,d3fb81a6-ea69-4763-b7b1-79bd992dc0db
423406,267969,4873,02:00:00,7200,2025-02-23T17:01:35Z,0a66ca8d-74b1-44bc-b42e-95a269fb5bc9
423409,267968,4875,02:00:00,7200,2025-02-23T17:02:45Z,798aaf0f-7db9-4119-8888-5d14d4aca576
423410,267968,4873,01:00:00,3600,2025-02-23T17:02:45Z,704a0ec9-5bee-480b-a47c-2c89bd5ba7ea
423412,267972,4876,01:00:00,3600,2025-02-23T17:04:19Z,96b54f25-afea-4c55-82e9-b17bad361380
423413,267972,4875,02:00:00,7200,2025-02-23T17:04:19Z,09eb776b-0141-4086-8a0a-47828bd89d44
423414,267972,4873,01:00:00,3600,2025-02-23T17:04:19Z,bdeeee2a-9159-4b43-80a0-27e26b685889
423416,267971,4875,05:00:00,18000,2025-02-23T17:05:11Z,287a0e0d-1cf4-41c8-bac7-1f28f7ead085
423418,267970,4879,05:00:00,18000,2025-02-23T17:06:08Z,d1ab3bde-47a7-4ad7-8ab3-0e642247f998
423419,267970,4876,03:00:00,10800,2025-02-23T17:06:08Z,fe6c35b6-5874-4e95-a331-2da9fe9a313a
423460,265677,4811,02:00:00,7200,2025-02-24T12:45:03Z,216b59a2-1f49-4f4e-9f72-4fc605a60ed7
423461,265677,4813,01:00:00,3600,2025-02-24T12:45:03Z,a4eb7d96-6f81-4f42-9e0f-e6927aa14a8d
423466,265804,4813,01:00:00,3600,2025-02-24T12:56:18Z,acc40d1f-4b64-44d2-a38f-e69fdf2b8ea7
423481,267985,4811,02:00:00,7200,2025-02-24T13:01:44Z,dd51ac40-e668-4d97-a33a-b8c0ae145b3a
423483,267985,4813,02:00:00,7200,2025-02-24T13:01:44Z,a9c447a6-ee4d-43b8-bc8a-39812bea3e24
423505,267765,4813,01:00:00,3600,2025-02-24T13:13:28Z,6d5e325a-2b20-4041-822f-1fa76ba3de44
423584,268191,4879,04:00:00,14400,2025-02-26T07:05:18Z,462ae660-6a5f-4916-94f6-b19a452e2516
423585,268191,4875,01:00:00,3600,2025-02-26T07:05:18Z,56fa4847-aff1-4cb1-9fab-23371f05f693
423586,268191,4919,05:00:00,18000,2025-02-26T07:05:18Z,c94fb33b-01ee-4575-9813-f46980d43ffb
423588,268192,4879,02:00:00,7200,2025-02-26T07:06:35Z,f943b10c-1e32-484c-8737-907da55b17de
423589,268192,4876,02:00:00,7200,2025-02-26T07:06:35Z,6a225fe6-6887-4f84-8d2c-00df9a72416d
424012,241200,4638,04:00:00,14400,2025-03-03T08:55:41Z,33d48a47-6637-49d7-93a6-176483bf8823
424013,241200,4795,04:00:00,14400,2025-03-03T08:55:41Z,e05f6bcb-9f53-4b88-96fe-78f081f0481a
424014,241201,4638,04:00:00,14400,2025-03-03T08:56:17Z,cffe7a9a-7a17-44d1-92ed-104152ef5be6
424017,241202,4638,02:00:00,7200,2025-03-03T08:56:39Z,05c05484-21ea-4cdd-acdd-8e0df7bc7aca
424019,241202,4795,02:00:00,7200,2025-03-03T08:56:39Z,89c275fc-4c11-411c-8952-27ebb80db080
424022,241203,4638,04:00:00,14400,2025-03-03T08:57:22Z,1e61e72e-a56c-4c97-9c03-689834fabc0d
424025,267008,4638,04:30:00,16200,2025-03-03T08:57:40Z,a9005ea3-ffb6-4cd1-adbb-5748d172f228
424026,267008,4795,04:00:00,14400,2025-03-03T08:57:40Z,d3882d6d-ab76-48c8-b327-54843a40be95
424029,267009,4638,05:30:00,19800,2025-03-03T08:58:15Z,561fe2c9-3cda-421e-a60b-da132173fd74
424031,267010,4638,03:00:00,10800,2025-03-03T08:58:47Z,92f2b1b0-d3b0-46ab-b939-86d8a391689f
424033,267010,4795,03:00:00,10800,2025-03-03T08:58:47Z,070164f8-03ff-4089-907f-66a89ffcee8b
424035,267011,4638,04:00:00,14400,2025-03-03T08:59:11Z,2484e020-a62f-4c17-99ec-cddd20a81556
424036,267011,4795,03:00:00,10800,2025-03-03T08:59:11Z,04569169-469d-411a-9750-328f2d48b081
424038,267012,4638,04:00:00,14400,2025-03-03T08:59:47Z,3c08ed57-b9a8-4975-9068-acc9424822b9
424039,267012,4795,03:00:00,10800,2025-03-03T08:59:47Z,5ade73a9-b061-4715-93d8-ce923e757c4c
424041,267013,4638,05:00:00,18000,2025-03-03T09:00:06Z,710a16e3-4793-45f2-bc7d-c53aa3a0193a
424042,267013,4795,04:00:00,14400,2025-03-03T09:00:06Z,abd714f7-60f0-49f3-8fc5-a55f33562727
424043,267014,4638,05:00:00,18000,2025-03-03T09:00:34Z,e4e7eca6-71c1-4c38-ab6b-2f39d5fa9ca4
424044,267014,4795,04:00:00,14400,2025-03-03T09:00:34Z,5a028935-02dd-4f2c-afa7-e937c29b4985
424045,267016,4638,04:00:00,14400,2025-03-03T09:00:47Z,e33b5de9-a13e-4068-826c-757d5b7c7e6b
424046,267016,4795,03:00:00,10800,2025-03-03T09:00:47Z,8396464a-243b-4aa1-9b1b-323239a4e309
424048,267017,4638,04:00:00,14400,2025-03-03T09:01:23Z,289d18bd-d49f-4d2b-9fa4-f800159b1930
424049,267017,4795,03:00:00,10800,2025-03-03T09:01:23Z,3558a697-4266-4cb0-b7e3-4b6847a26092
424051,267018,4638,03:00:00,10800,2025-03-03T09:01:42Z,d2c29cc7-dfbc-4774-b8cc-5f1f8d222c18
424052,267018,4795,03:00:00,10800,2025-03-03T09:01:42Z,e7312f37-3489-412c-bb0c-79c265326e44
424053,267019,4638,05:00:00,18000,2025-03-03T09:01:57Z,524f904d-4b4a-4eb2-810a-7e9e72dbd995
424054,267019,4795,04:00:00,14400,2025-03-03T09:01:57Z,5724dcbd-e41d-4bff-9510-6bd3504f7380
424055,267020,4638,05:00:00,18000,2025-03-03T09:02:28Z,0b58846b-d4f7-4c17-9783-4fa40a3da4ea
424056,267020,4795,04:00:00,14400,2025-03-03T09:02:28Z,dd486030-b6f5-499d-86ad-c8e38adb771b
424058,267021,4638,03:00:00,10800,2025-03-03T09:03:14Z,67c656e3-646f-452f-ba4f-04617ee62ee1
424059,267021,4795,03:00:00,10800,2025-03-03T09:03:14Z,0e94dfba-b3db-49f0-9a33-36134f32d938
424060,267022,4638,05:00:00,18000,2025-03-03T09:04:03Z,3e950c88-186e-469c-8d68-5b4e2e4f6467
424062,267022,4795,03:00:00,10800,2025-03-03T09:04:03Z,60195d38-5558-491d-a990-91462dc6308c
424065,267024,4638,04:30:00,16200,2025-03-03T09:04:51Z,6af43178-40d4-4e21-ae7f-62704ea3b67a
424066,267024,4795,04:00:00,14400,2025-03-03T09:04:51Z,e1b2e14c-4a7e-4a14-8b30-06f3e1fb4ea1
424067,267025,4638,06:00:00,21600,2025-03-03T09:05:22Z,4949b821-97cc-4706-84e0-5530752cbaff
424068,267025,4795,04:00:00,14400,2025-03-03T09:05:22Z,9b8245f1-cc07-432d-a1a8-3a7bda9236fb
424070,267026,4638,03:30:00,12600,2025-03-03T09:06:08Z,e57b398c-2eec-4d8c-b1b6-af37616aa50f
424071,267026,4795,03:00:00,10800,2025-03-03T09:06:08Z,a3153886-ce7f-42e8-8b40-480a8baea173
424072,267027,4638,02:30:00,9000,2025-03-03T09:06:35Z,0d0c1ccd-493e-4332-8d20-396469bcbec6
424074,267027,4795,02:00:00,7200,2025-03-03T09:06:35Z,399bd044-daee-4ad6-ad4c-874727e382b7
424076,267028,4638,03:00:00,10800,2025-03-03T09:07:02Z,0238c556-56ff-41f1-b86f-c263468eebd5
424077,267028,4795,03:00:00,10800,2025-03-03T09:07:02Z,143c6ee7-4801-4d18-bb14-651abe50261f
424078,267029,4638,06:00:00,21600,2025-03-03T09:07:15Z,5b3ccd76-1039-4af5-934a-22bb0251b6d1
424079,267029,4795,03:00:00,10800,2025-03-03T09:07:15Z,d2110005-ba85-4d17-952b-7ad32bcb2485
424080,267030,4638,05:30:00,19800,2025-03-03T09:08:10Z,a6402c94-88e5-406f-88ef-250f59cdda13
424081,267030,4795,04:00:00,14400,2025-03-03T09:08:10Z,209a5dd6-760f-4ab0-9cdd-e712699d2b0f
424083,267031,4638,03:30:00,12600,2025-03-03T09:08:34Z,87648667-1842-46fa-8027-da33babde273
424084,267031,4795,03:00:00,10800,2025-03-03T09:08:34Z,7776ab81-d3ac-4ce3-bfc4-f1bf031dae86
424085,267032,4638,05:00:00,18000,2025-03-03T09:08:50Z,f545ae71-8449-4667-8d7c-a4a58b686574
424086,267032,4795,03:00:00,10800,2025-03-03T09:08:50Z,3879635f-65b1-45c1-bc64-95575b7c218c
424088,267033,4795,03:00:00,10800,2025-03-03T09:09:46Z,e9a8a595-ff0f-4806-86b9-c1ef796e1a1f
424090,267034,4795,03:00:00,10800,2025-03-03T09:11:20Z,c1951df6-633c-4e16-87e3-13c60b31092f
424092,267035,4638,04:00:00,14400,2025-03-03T09:12:13Z,10014ce8-2fe0-407f-bcfa-44ad11a84fde
424093,267035,4795,02:00:00,7200,2025-03-03T09:12:13Z,df32567f-f27b-4856-8eab-69d87bd6d692
424097,267038,4638,04:00:00,14400,2025-03-03T09:13:48Z,78556b1a-a3a1-45cd-be8c-64e50efef9e3
424098,267038,4795,03:00:00,10800,2025-03-03T09:13:48Z,7361bb03-ba3d-4b0a-80b7-e20a64000f28
424099,267040,4638,06:00:00,21600,2025-03-03T09:14:11Z,df7dae6b-30e1-4ec9-9ad7-4c4a804caad8
424100,267040,4795,03:00:00,10800,2025-03-03T09:14:11Z,34ee03b0-04ec-4cd3-aa3f-3351e1563d59
424101,267041,4638,05:30:00,19800,2025-03-03T09:14:52Z,935d8a8b-7a27-4c96-bce8-0e31de280780
424102,267041,4795,03:00:00,10800,2025-03-03T09:14:52Z,11b8e227-fe2a-46ae-94a1-8e3186835b29
424103,267042,4638,04:00:00,14400,2025-03-03T09:15:17Z,b8bc5e8f-1294-4741-ba34-9a6745f54f64
424104,267042,4795,03:30:00,12600,2025-03-03T09:15:17Z,801d5712-d893-4492-92e0-be23fea49636
424105,267043,4638,05:00:00,18000,2025-03-03T09:15:53Z,9b35d5ec-083f-4d42-9e80-2ee810ca6b93
424106,267043,4795,03:00:00,10800,2025-03-03T09:15:53Z,bd929afd-430e-42c0-832a-0a460bb16663
424107,267044,4638,05:00:00,18000,2025-03-03T09:16:18Z,6347a085-92d9-4dc8-b9d0-b56d5c8a99f5
424108,267044,4795,04:00:00,14400,2025-03-03T09:16:18Z,ba2f0ca9-21bd-4e10-8ed9-c7ce6947aefe
424113,267063,4795,03:00:00,10800,2025-03-03T09:17:29Z,6d3d4d6d-5a1a-4ad8-957b-bd0740287f1b
424114,267064,4638,05:00:00,18000,2025-03-03T09:18:25Z,dcf3ffc9-eda0-40d3-b08d-6a3170838efe
424115,267064,4795,02:30:00,9000,2025-03-03T09:18:25Z,d7849d34-f0ef-464c-8fc9-8f7f3e211ede
424117,267065,4638,04:00:00,14400,2025-03-03T09:19:03Z,2548ad7a-b7fc-4d13-942b-78ca6d715bad
424118,267065,4795,03:00:00,10800,2025-03-03T09:19:03Z,6963c727-5b4e-4564-b4b8-908cce965515
424119,267066,4638,05:00:00,18000,2025-03-03T09:19:46Z,893f528b-daa3-4971-90c1-a44bf7eaa864
424123,267067,4795,02:00:00,7200,2025-03-03T09:20:42Z,a8460f19-bd97-4d67-a5cc-08dd50f958bc
424112,267063,4638,04:00:00,14400,2025-03-03T11:26:47Z,ce76e806-971b-4da9-a6b1-9a4bcb9a073b
424087,267033,4638,02:00:00,7200,2025-03-03T11:27:41Z,1213a1ac-9881-4b64-9d14-7ed0aab71833
424089,267034,4638,04:00:00,14400,2025-03-03T11:28:00Z,3ac28743-79fb-471e-8aec-025933e3567e
424124,267068,4638,05:00:00,18000,2025-03-03T09:20:58Z,645f1a9c-7784-4ec9-b08d-1c01b6f2bb8c
424126,267072,4638,04:00:00,14400,2025-03-03T09:21:57Z,2baf99c7-d714-4d62-befb-4284ca9d86e2
424127,267072,4795,02:00:00,7200,2025-03-03T09:21:57Z,91b384c6-c985-4b62-a574-b48ef3aae73b
424131,267074,4638,06:00:00,21600,2025-03-03T09:23:10Z,8a2e1b63-09e8-477f-84ca-e1a65d5fc8d6
424132,267074,4795,03:00:00,10800,2025-03-03T09:23:10Z,2df2b7f4-0f53-4080-a274-de209d1bcfc9
424133,267075,4638,05:00:00,18000,2025-03-03T09:23:29Z,ec892181-f175-4678-88ef-5789d509f6f7
424134,267075,4795,04:00:00,14400,2025-03-03T09:23:29Z,7acd93c2-3a61-406f-b121-fc5ed9b34c3b
424136,267076,4638,03:30:00,12600,2025-03-03T09:24:33Z,9e0e9118-6983-4b7c-af9c-30d36a297fdd
424137,267076,4795,03:00:00,10800,2025-03-03T09:24:33Z,39f1e68a-6745-4ffa-a7f8-69779f92f7d7
424139,267077,4795,03:00:00,10800,2025-03-03T09:25:24Z,37124ab1-aaea-4c1f-a82e-b2cf5bb518d4
424140,267078,4638,05:00:00,18000,2025-03-03T09:25:44Z,24b913f5-c706-4ccf-9329-81b0900036b4
424141,267078,4795,04:00:00,14400,2025-03-03T09:25:44Z,1f3e26e1-8e94-489d-a865-0289f8e05f15
424142,267079,4638,04:00:00,14400,2025-03-03T09:27:21Z,870f6e5e-535b-4e27-ae20-edeaf3c04541
424143,267079,4795,04:00:00,14400,2025-03-03T09:27:21Z,a9275c66-3369-4b0e-8c91-8ca0af5aae7b
424144,267080,4638,03:00:00,10800,2025-03-03T09:28:08Z,105e52cd-646e-4921-87d9-5241d373d90a
424145,267080,4795,02:00:00,7200,2025-03-03T09:28:08Z,427848c4-2ba1-48d4-9f4f-5a8419ba663f
424147,267081,4638,03:00:00,10800,2025-03-03T09:28:31Z,7667b0ff-cf5b-4912-821d-884ea5bc0db4
424148,267081,4795,03:30:00,12600,2025-03-03T09:28:31Z,f676ca8b-65ce-4654-b317-c1ad68861bb3
424149,267082,4638,02:00:00,7200,2025-03-03T09:29:01Z,2c7008dc-e0ce-42ec-a6de-971b15ac3b5f
424150,267082,4795,02:00:00,7200,2025-03-03T09:29:01Z,71231450-c022-4d57-b23f-f9c8e189eb5f
424152,267083,4638,03:00:00,10800,2025-03-03T09:29:47Z,e8ec7d65-0061-4c63-96a0-49b96e255b93
424153,267083,4795,03:30:00,12600,2025-03-03T09:29:47Z,ee6cd199-89e5-4c19-841b-5d1d98d93e99
424156,267084,4795,04:00:00,14400,2025-03-03T09:30:02Z,1fee1a1a-85db-41f1-9f0f-c18ed752f5cb
424157,267085,4638,04:00:00,14400,2025-03-03T09:30:19Z,7656f1e3-849f-4f21-a9ab-4515c5118d0f
424159,267086,4638,05:00:00,18000,2025-03-03T09:30:33Z,a7d0445a-114a-4eb5-8061-7c02e3332bed
424160,267086,4795,04:00:00,14400,2025-03-03T09:30:33Z,51b842fb-0d2f-40aa-ab73-7b6fec210e15
424165,267089,4638,03:00:00,10800,2025-03-03T09:31:51Z,01f683e0-b4da-4643-a3f4-843061ad870e
424166,267089,4795,03:00:00,10800,2025-03-03T09:31:51Z,6d75cfc4-6293-4c26-bff7-eccea82a9176
424167,267090,4638,04:00:00,14400,2025-03-03T09:32:38Z,baa393ab-4e11-44f9-a3ab-ee444803b049
424168,267090,4795,04:00:00,14400,2025-03-03T09:32:38Z,08022f83-323e-4ceb-b851-330a3dd10970
424174,267093,4638,04:00:00,14400,2025-03-03T09:33:59Z,84112205-a512-4f18-ba45-689b779bc43a
424175,267093,4795,04:00:00,14400,2025-03-03T09:33:59Z,5dc31e62-26aa-4752-b021-fcf156eb8a16
424176,267095,4638,04:00:00,14400,2025-03-03T09:34:14Z,72dc80a2-e2f1-4767-b03b-238bbd66480f
424177,267095,4795,05:00:00,18000,2025-03-03T09:34:14Z,02c9c35f-d921-46b7-8b92-34b071b52c6a
424179,267096,4638,03:00:00,10800,2025-03-03T09:34:41Z,8dca58d0-d228-4fc8-957a-6fb06006bc98
424180,267096,4795,03:00:00,10800,2025-03-03T09:34:41Z,85d72dc6-c033-4d02-b777-21b2bb454637
424183,267098,4638,04:30:00,16200,2025-03-03T09:35:43Z,ff77d73f-ac4b-488e-a18d-a6743ebf1662
424184,267098,4795,04:00:00,14400,2025-03-03T09:35:43Z,09a85369-4025-4385-9a84-ffdbd459a279
424185,267099,4638,04:00:00,14400,2025-03-03T09:36:09Z,469f6649-8e33-4873-a6d1-4d1ae0d36b08
424186,267099,4795,05:00:00,18000,2025-03-03T09:36:09Z,e520e9a8-d9fa-46f8-ace1-4538c4706e91
424188,267100,4638,04:00:00,14400,2025-03-03T09:37:08Z,9587889b-f451-40d0-9653-0c4e46ff004c
424189,267100,4795,04:00:00,14400,2025-03-03T09:37:08Z,da69371c-9f80-49b3-9c8f-6ccc3a5eed99
424190,267160,4638,04:30:00,16200,2025-03-03T09:37:35Z,8d08cf3e-f178-4ee9-9838-525fbbbd06f3
424192,267161,4638,03:00:00,10800,2025-03-03T09:38:43Z,2c929d56-d217-46a8-a33d-4a25132f55f5
424195,267162,4638,04:00:00,14400,2025-03-03T09:39:06Z,bbe1bd57-108b-4588-b81a-0755f6aab8d0
424200,267163,4638,03:00:00,10800,2025-03-03T09:39:44Z,23e567b3-77c9-4abb-bebc-edbf7f97bc07
424202,267164,4638,03:30:00,12600,2025-03-03T09:40:12Z,795abddb-98c9-4e82-a623-02773b03fb50
424204,267165,4638,04:00:00,14400,2025-03-03T09:40:32Z,0f2ef2b1-3f22-4107-8d1a-ee0553304304
424206,267166,4638,04:30:00,16200,2025-03-03T09:41:11Z,bce534d8-a644-46b0-a952-448efac271f4
424218,267170,4638,04:00:00,14400,2025-03-03T09:43:20Z,a0c9d8fa-76a5-41dc-bd84-9d691795d257
424169,267091,4638,03:00:00,10800,2025-03-03T11:22:37Z,04210b6e-626d-48ff-bcf2-4305497e3656
424162,267088,4638,03:00:00,10800,2025-03-03T11:23:10Z,8dc5248f-3ee8-4451-82a3-c465e2e09276
424163,267088,4795,03:00:00,10800,2025-03-03T11:23:10Z,54fa515b-16b8-4eee-936e-922caed2d4b1
424155,267084,4638,04:00:00,14400,2025-03-03T11:23:36Z,79fd3723-a8ff-4b55-9403-695517b6e568
424158,267085,4795,03:00:00,10800,2025-03-03T11:24:12Z,244e3edb-d71c-41d1-ba75-7cccb8cb0667
424181,267097,4638,03:30:00,12600,2025-03-03T11:24:50Z,a054d06f-7b50-40d4-a0d9-fa581bdc08f8
424138,267077,4638,04:00:00,14400,2025-03-03T11:25:28Z,ed139b9c-6c4c-487a-8939-11fae47ef80d
424225,267173,4638,04:00:00,14400,2025-03-03T09:44:16Z,cbdf1b75-232d-4ed4-98ac-feffc61d7e63
424232,267176,4638,03:30:00,12600,2025-03-03T09:47:15Z,410dc646-14f1-42cc-8cc2-5ac529a7405e
424238,267178,4638,03:00:00,10800,2025-03-03T09:48:21Z,9759a5d2-532f-40f6-992a-284e6e7ba1fd
424246,267181,4638,03:30:00,12600,2025-03-03T09:50:10Z,4558cbbe-2c64-408d-b851-91f5547a0eda
424263,267188,4638,03:00:00,10800,2025-03-03T09:54:45Z,c7240e45-d9dc-4210-9334-9ce21ae31b69
424269,267191,4638,03:30:00,12600,2025-03-03T09:56:09Z,cd27a842-459f-4eb3-8e19-aadd3a2cc563
424279,267195,4638,03:30:00,12600,2025-03-03T09:58:07Z,44c2eba5-5173-4d2d-91e3-b0c4d8be575f
424289,267198,4638,04:00:00,14400,2025-03-03T10:00:09Z,ecbce611-f666-4c4a-a73c-7d8fc4ea3cad
424294,267200,4638,03:00:00,10800,2025-03-03T10:01:04Z,0d0f13c0-6d75-4d00-be39-ec69c6c71ff4
424307,267204,4638,03:30:00,12600,2025-03-03T10:02:50Z,9b6a5689-6179-4651-857b-758888ae0f03
424309,267205,4638,03:00:00,10800,2025-03-03T10:03:31Z,260786c8-692c-4c10-aaae-2da2da1d8b13
424316,267207,4638,03:30:00,12600,2025-03-03T10:04:38Z,3185b225-2111-4512-8973-6395b06f63e8
424223,267172,4638,03:00:00,10800,2025-03-03T11:21:44Z,db041014-b19d-4f6f-afd1-67015d2a3ee2
424325,267210,4638,03:00:00,10800,2025-03-03T10:05:40Z,2c038582-834e-4ee4-acaf-66e4dc6ad13d
424335,267214,4638,03:00:00,10800,2025-03-03T10:07:19Z,bc552bdf-feaa-4d50-8564-eeee085b9eed
424337,267215,4638,03:00:00,10800,2025-03-03T10:08:14Z,7d012255-a7c1-4bd1-9da5-31400a7fbfc4
424341,267216,4638,04:30:00,16200,2025-03-03T10:08:54Z,f24f1730-9567-4d42-8109-dc57b7e03b94
424350,267219,4638,03:00:00,10800,2025-03-03T10:10:36Z,00877f4d-30c7-4b64-b9a0-da09b83a6484
424353,267220,4638,03:30:00,12600,2025-03-03T10:11:13Z,9e0aee0a-31e2-4b0c-91c1-9b5626a9be6d
424358,267222,4638,04:00:00,14400,2025-03-03T10:11:59Z,8e4af8b2-2eb3-43b4-b4aa-9281315f8e89
424365,267224,4638,03:00:00,10800,2025-03-03T10:12:51Z,33f5acb3-a136-4bb0-b6a2-1c717f868c93
424369,267225,4638,03:00:00,10800,2025-03-03T10:13:38Z,a5b427ad-046c-419a-8d66-4442453e233a
424372,267226,4638,03:00:00,10800,2025-03-03T10:13:57Z,fea8cb25-879f-4099-9241-358b8501fb55
424378,267228,4638,03:00:00,10800,2025-03-03T10:14:39Z,2557bd72-dd85-48ae-a241-e24557dba560
424383,267230,4638,03:30:00,12600,2025-03-03T10:15:37Z,00db549c-74bd-4ff5-bc8a-0c22ebd78ae9
424393,267234,4638,04:00:00,14400,2025-03-03T10:17:24Z,a4988fe7-18d1-48e1-b52e-06aa615974f8
424397,267235,4638,03:00:00,10800,2025-03-03T10:18:09Z,104807b2-ec66-4856-a173-ad3f51170aa7
424400,267236,4638,04:00:00,14400,2025-03-03T10:18:51Z,3018a4c2-404d-485f-94c5-783d2b706fe0
424409,267239,4638,03:00:00,10800,2025-03-03T10:19:54Z,0c374594-a686-47e2-8667-1b28d435e798
424425,258110,4638,03:00:00,10800,2025-03-03T10:23:05Z,e932a291-6e33-4a7d-9a10-348e34aa44d4
424431,258112,4638,04:00:00,14400,2025-03-03T10:23:56Z,b3c7c56c-23be-404a-b5e1-9ab80750ca1a
424446,258717,4638,02:30:00,9000,2025-03-03T10:27:12Z,c08922f0-89d4-4232-84d5-e111a4c106c9
424448,258718,4638,03:00:00,10800,2025-03-03T10:27:33Z,cb791710-7d42-42da-8284-09b26d50b2ba
424453,267241,4638,03:00:00,10800,2025-03-03T10:28:01Z,c3d75a48-c3b9-496c-ab24-b6bacb6fded0
424465,259154,4638,04:00:00,14400,2025-03-03T10:29:16Z,2bed0dfa-cc04-48c2-98eb-2b0982c72a3f
424469,267243,4638,03:30:00,12600,2025-03-03T10:29:47Z,3119cdaf-58ea-4c5f-a15a-12d0e97bd5fa
424472,267244,4638,03:00:00,10800,2025-03-03T10:30:17Z,0ecf7aea-0a68-4596-b091-6129c6ecea3b
424475,267245,4638,03:00:00,10800,2025-03-03T10:30:39Z,193716b7-d3fc-4d61-80bf-b57e8b4b96ee
424478,267246,4638,03:00:00,10800,2025-03-03T10:31:01Z,cbbf8054-22f7-4d99-8305-4fc99a1590dd
424485,267249,4638,03:30:00,12600,2025-03-03T10:31:52Z,67b60791-c7e6-4738-a8d0-0a6ebaeadad3
424492,267251,4638,03:00:00,10800,2025-03-03T10:32:48Z,9b85f1d2-ab9b-4e29-97d4-a1f19f87d555
424495,267252,4638,04:00:00,14400,2025-03-03T10:33:12Z,036afa0d-1686-404a-a0f8-c856907a6e94
424500,267269,4638,03:00:00,10800,2025-03-03T10:33:51Z,7ef40a95-3cff-4199-8475-50432612f7e6
424505,267270,4638,03:00:00,10800,2025-03-03T10:34:11Z,ec416a23-8f4c-419f-9a9f-216561595e9b
424512,267272,4638,03:00:00,10800,2025-03-03T10:34:55Z,ac0f89a7-eb0e-4e80-bdaf-80b37eb5a1af
424515,267273,4638,03:00:00,10800,2025-03-03T10:35:11Z,1527cf84-cb0d-40ad-8e71-6635f6706658
424519,267274,4638,04:00:00,14400,2025-03-03T10:35:40Z,86f46b14-4236-4341-a988-fe77dd463c27
424550,267285,4366,03:00:00,10800,2025-03-03T10:40:26Z,3a60a35b-e9c7-4763-b00c-eaaf108938f2
424554,267286,4638,03:00:00,10800,2025-03-03T10:40:45Z,f85a36f2-5124-430f-8a1c-0bacc34d4892
424557,267287,4638,03:00:00,10800,2025-03-03T10:41:14Z,380d4493-8dff-4765-91d9-876ed2dde05b
424561,267289,4638,03:00:00,10800,2025-03-03T10:41:54Z,3244ada7-5bf7-444d-bd15-21308e7f75e9
424170,267091,4795,03:00:00,10800,2025-03-03T11:22:37Z,0c2c8ad8-174a-4326-9f1c-1d6777c1f029
424182,267097,4795,03:00:00,10800,2025-03-03T11:24:50Z,7df6424e-8581-4678-a526-c104340b1a60
424122,267067,4638,02:30:00,9000,2025-03-03T11:26:13Z,20532058-e273-40ec-8bae-6c1567416121
424628,268584,4876,01:00:00,3600,2025-03-04T07:04:52Z,74a39bb6-c88f-4ea1-9bb6-4c508add39cc
424630,268585,4879,02:00:00,7200,2025-03-04T07:06:20Z,97bdfe5d-44ae-4921-abb5-aa094dd03cae
424631,268585,4919,04:30:00,16200,2025-03-04T07:06:20Z,c8813f1c-201e-4feb-af75-57cb139a3f09
424634,268586,4877,01:00:00,3600,2025-03-04T07:09:01Z,a140ceae-26b0-4dff-8baa-362013e2e1fe
424635,268586,4875,01:00:00,3600,2025-03-04T07:09:01Z,e1cf01a0-3250-4135-8ec5-ca223ceaaf11
424633,268586,4918,05:00:00,18000,2025-03-04T07:09:12Z,afa419a5-0a0c-4354-9e29-82d3e370cab3
424639,268589,4877,02:00:00,7200,2025-03-04T07:15:43Z,ae6f369c-52d3-452b-bc78-0861fe9b52c0
424640,268589,4919,03:00:00,10800,2025-03-04T07:15:43Z,bea9044a-a23a-417e-a5df-52f9454fa6f4
424641,268589,4879,02:00:00,7200,2025-03-04T07:15:43Z,2c59746f-a6c0-44e2-9e6b-7c31ffe93199
425199,268717,4828,02:00:00,7200,2025-03-05T13:53:46Z,1321e239-6365-484e-b415-7a8ab2c52e84
425229,268938,4415,10:00:00,36000,2025-03-06T12:41:20Z,eac333a5-e5e0-46ba-b834-c9b04d44dcf5
425511,269344,4859,07:30:00,27000,2025-03-12T10:05:54Z,5306ac01-ebb7-41cc-a01c-75ca141b99f2
425514,269346,4859,07:30:00,27000,2025-03-12T10:06:46Z,69ef8f0a-777b-434c-95c4-fd5234eb87a7
425516,269348,4859,07:30:00,27000,2025-03-12T10:09:24Z,3e59bba5-3098-4793-8a47-35ac7855a16c
425517,269349,4859,07:00:00,25200,2025-03-12T10:09:58Z,72fb9aac-5613-47c3-8b51-0403f3120910
425518,269351,4859,07:30:00,27000,2025-03-12T10:10:47Z,d7267707-fd87-4558-8a30-87a7fb4c7bf9
425520,269353,4859,07:30:00,27000,2025-03-12T10:12:27Z,2c65385a-dfe6-47fb-8381-da6f79f0b003
425522,269355,4859,07:30:00,27000,2025-03-12T10:13:24Z,35ef6d8c-9481-43b9-bfe8-7f1523260a7f
425945,269821,4082,07:30:00,27000,2025-03-19T07:02:54Z,a514c1b2-c046-4ef5-9b9a-1e1447dfb6e1
426387,269152,4035,07:30:00,27000,2025-03-21T15:38:12Z,28f2aed4-5bda-4fb7-8c7a-a27a24ea6e44
426388,269152,4081,00:45:00,2700,2025-03-21T15:38:12Z,fb46fd46-d967-4d68-b264-c2282813c4cc
427113,266322,4349,04:00:00,14400,2025-03-26T16:13:54Z,95a2277a-12d4-484b-8825-e4dcb51acd66
427116,266314,4349,04:00:00,14400,2025-03-26T16:14:55Z,476292ed-232b-43dd-8544-def9c84d3fbc
427117,266314,3403,04:00:00,14400,2025-03-26T16:14:55Z,422db687-4daa-4ca3-b111-d89e2b83a6da
427120,266821,4349,02:00:00,7200,2025-03-26T16:16:32Z,4c10acaa-c1bb-4d7e-b0c3-e2f1004f9d05
427121,266821,3403,05:00:00,18000,2025-03-26T16:16:37Z,355ad71f-9532-4c14-b3d6-534ba5ac090e
427420,270396,4349,04:00:00,14400,2025-03-28T15:51:34Z,d9afb1d6-75e2-4f9f-ac82-0764e15e1407
427421,270396,3403,04:00:00,14400,2025-03-28T15:51:34Z,11db3787-eb8e-4083-b1c1-3acfafe470e7
427430,270522,3983,02:00:00,7200,2025-03-28T15:53:00Z,e6719684-f454-4b89-b71f-a4b88994b38d
427431,270522,3403,06:00:00,21600,2025-03-28T15:53:00Z,b2998ecb-f526-4e60-9d61-1fa041dbd8d8
427432,270523,4349,02:00:00,7200,2025-03-28T15:53:19Z,6fe74414-7b1a-4ff8-8b21-1119f5bb3c96
427434,270525,4859,08:00:00,28800,2025-03-28T15:53:27Z,0845d6f0-361e-4208-a4fa-56ffe9469525
427438,270529,4349,04:00:00,14400,2025-03-28T15:54:23Z,664abf72-f3da-40b1-b0f4-1d5529deb9d2
427443,270534,4349,02:00:00,7200,2025-03-28T15:55:14Z,e62ab45e-380c-41ac-808e-60d624df1a1f
427444,270534,3403,04:00:00,14400,2025-03-28T15:56:00Z,245432d2-1d35-4386-8793-281df9ee9f9d
427664,270643,4353,04:00:00,14400,2025-04-01T07:34:59Z,4c9437f0-e64b-449b-abcf-59a44a34cd7f
427673,270648,4353,03:00:00,10800,2025-04-01T07:37:20Z,c8836cce-e44d-4c26-8de4-186f8b958f9f
427674,270648,4381,02:00:00,7200,2025-04-01T07:37:20Z,d7e48623-0303-4b7b-91ad-54270ff06feb
427675,270648,4035,03:00:00,10800,2025-04-01T07:37:20Z,8326bc76-ea3f-47e2-9a21-6395a6425a5f
427676,270649,4381,05:00:00,18000,2025-04-01T07:37:44Z,252be417-a6ec-4f12-a8f1-635a8cc2c333
427677,270649,4035,03:00:00,10800,2025-04-01T07:37:44Z,9c3da75b-a518-459a-a621-e204aa9bb44c
427682,270654,4353,02:00:00,7200,2025-04-01T07:40:08Z,ea0bdb33-1e88-4e22-bb6d-af8a43145100
427683,270654,4381,03:00:00,10800,2025-04-01T07:40:08Z,a35c0909-353f-40dc-b475-cbc59a508a84
427684,270654,4035,03:00:00,10800,2025-04-01T07:40:08Z,ae6f36fe-7b2a-49c1-a64f-03ad4db3ddf4
427898,270841,4828,02:00:00,7200,2025-04-02T14:51:26Z,adf509a4-56a9-473b-937d-55828dfb5ecd
427899,270841,4492,02:00:00,7200,2025-04-02T14:51:26Z,97142fe5-02fb-4af7-9cd8-c8de468754a1
427900,270841,4859,02:00:00,7200,2025-04-02T14:51:26Z,81dfe482-0be1-4278-a53d-54083030c152
427901,270843,4201,02:00:00,7200,2025-04-02T14:53:05Z,fc371b7b-475b-4e2e-8804-07d27f07620c
427903,270843,4492,02:00:00,7200,2025-04-02T14:53:05Z,4780a6c1-c45c-4294-b924-57df5e539cb7
427904,270843,4859,02:00:00,7200,2025-04-02T14:53:05Z,2f98e781-6e62-46fd-aa43-694c1f412e82
427961,270908,4201,02:00:00,7200,2025-04-03T14:47:40Z,92441525-bd45-4f39-ab40-6b2ac32334b8
427962,270908,4624,02:00:00,7200,2025-04-03T14:47:40Z,a58bc32d-ccc4-421d-a118-b5c6c79c1bd3
427963,270908,4828,02:00:00,7200,2025-04-03T14:47:40Z,63f56af5-b60a-46c4-b431-c5e65cdeed31
427964,270908,4492,02:00:00,7200,2025-04-03T14:47:40Z,ec5e5829-8319-47f8-9c32-6823367bc8e7
428323,270970,4035,02:00:00,7200,2025-04-04T13:54:47Z,3372cd1e-40e3-4d6c-9624-8e0d866c05d4
428338,270985,4415,10:00:00,36000,2025-04-04T16:59:51Z,4aa14a29-1a9d-49ae-8431-39c6e96420de
428342,270308,4415,09:00:00,32400,2025-04-04T17:00:26Z,40c556f4-5022-4dd0-a00f-12ded0aa0b60
428354,268588,4875,03:00:00,10800,2025-04-06T19:06:11Z,db320215-ea58-4f46-b266-95d7c7ad29d3
428357,270992,4876,05:00:00,18000,2025-04-06T19:07:36Z,2924d996-f3a9-4a7f-a636-5134a64f6ef6
428362,270994,4876,05:00:00,18000,2025-04-06T19:09:26Z,799e95cb-fc46-4d1f-b25a-253804865e4f
428360,270993,4876,01:00:00,3600,2025-04-06T19:09:40Z,1e272696-7ab4-4c6c-80ba-365e685017c8
428364,270995,4919,07:00:00,25200,2025-04-06T19:10:22Z,6425f47a-0cb9-40f5-a3bf-cfe898a76141
428365,270995,4879,03:00:00,10800,2025-04-06T19:10:22Z,3eb729f8-77f0-4791-832d-5b762aae0c5e
428366,270996,4919,02:00:00,7200,2025-04-06T19:11:54Z,63662b0f-b710-492f-a10b-7a28afba3b2e
428367,270996,4918,03:00:00,10800,2025-04-06T19:11:54Z,472c7c24-ad60-4bd0-9d78-53314f2f2442
428368,270996,4888,05:00:00,18000,2025-04-06T19:11:54Z,162b35d8-9ea8-460b-a5c4-6a9dea4c90cf
428369,270997,4918,08:00:00,28800,2025-04-07T05:30:59Z,8fba7786-b7db-4d64-ac64-1354182d10e9
428370,270997,4876,02:00:00,7200,2025-04-07T05:30:59Z,cd161c42-96c2-493d-b093-5f99e6302a76
428371,270998,4919,04:00:00,14400,2025-04-07T05:31:27Z,d37a1d16-91e0-483d-bc1b-5b808ded97d7
428374,270999,4878,06:00:00,21600,2025-04-07T05:32:16Z,11d6d72b-e870-4846-a2ba-68b96139b84f
428375,271000,4876,08:00:00,28800,2025-04-07T05:33:30Z,ac4a1192-c3c6-4f3f-8528-3442fa3525e4
428376,271001,4919,06:00:00,21600,2025-04-07T05:34:22Z,5a8a2744-dbcd-4078-b1a5-608e305bb644
428377,271001,4876,03:00:00,10800,2025-04-07T05:34:33Z,12654d22-beb3-4c71-aed2-882095e83520
428380,271003,4876,02:00:00,7200,2025-04-07T05:36:19Z,a8159c59-e579-4c72-a447-ba4c7513183b
428382,271003,4920,04:00:00,14400,2025-04-07T05:36:19Z,fbdfde02-e673-4152-9dc1-d058944d30c0
428384,271004,4876,06:00:00,21600,2025-04-07T05:37:00Z,f03b442f-3fea-46b9-8a3a-0c2764c359e2
428386,271006,4878,03:00:00,10800,2025-04-07T05:38:15Z,52d7b287-2515-4e01-93d0-4e64d0f2860c
428388,271008,4878,02:00:00,7200,2025-04-07T05:39:44Z,cd5c2272-105b-4f54-a10a-b8ce7b797c9c
428390,271007,4918,05:00:00,18000,2025-04-07T05:40:14Z,3c8a7df4-3407-4ad3-97a2-fbb3a5ca8fd4
428391,271007,4878,01:00:00,3600,2025-04-07T05:40:14Z,d3cc1821-0d2d-49b4-9967-0f6ea674e238
428395,271010,4878,09:30:00,34200,2025-04-07T05:41:45Z,fd4b3747-db1f-4b6d-9d64-a942f34388cc
428396,271009,4879,02:00:00,7200,2025-04-07T05:42:02Z,dd9cbcd7-3fbc-4e47-9404-b07a32ac07e4
428393,271009,4878,04:30:00,16200,2025-04-07T05:42:02Z,8fb99a1c-ba0c-42ee-8852-0b6ed7dce8b8
428397,271011,4878,07:00:00,25200,2025-04-07T05:42:27Z,ffd42d2c-065f-4393-ad75-46e32626c80f
428398,271012,4878,07:30:00,27000,2025-04-07T05:43:00Z,355028ec-7fa1-4d48-bcdf-7efac0122f07
428399,271013,4878,03:00:00,10800,2025-04-07T05:43:57Z,d1a89bf4-82fe-4ce5-90ec-1ce796fd6196
428400,271013,4876,03:00:00,10800,2025-04-07T05:43:57Z,c813e30c-64ff-40bb-ab35-cbc5b333dba7
428324,270970,4081,06:30:00,23400,2025-05-12T15:16:51Z,da57fb23-9ccd-43e0-8380-db610b67055e
428403,267765,4811,02:00:00,7200,2025-04-07T08:51:24Z,ade8f4a3-710f-49b0-8bdd-133b9ccd128b
428880,267616,3970,06:00:00,21600,2025-04-09T10:34:05Z,fd45dc56-78bb-4814-8fd5-ace4866f41db
429060,271645,4489,06:40:00,24000,2025-04-10T12:15:59Z,892cd676-71c6-4503-b0e1-f8a4a22d9e13
429151,271801,4081,08:00:00,28800,2025-04-14T14:23:29Z,fbb5dc98-9956-4cab-968b-9bb4b2062bb5
429328,269366,4706,06:45:00,24300,2025-04-15T14:47:28Z,8655273a-7dcb-4fc8-83ef-396dbe8b6ffb
429329,269367,4706,06:15:00,22500,2025-04-15T14:47:53Z,e122dfdd-6bf1-4fe1-94a8-8ef39edb11b4
429337,270099,4582,08:30:00,30600,2025-04-15T14:52:30Z,1f9d9632-0428-407e-87b4-47e955323875
429340,270408,4706,09:00:00,32400,2025-04-15T14:53:34Z,b389eb37-ca1c-422d-b10e-a14d6a761c6d
429332,269546,4706,06:00:00,21600,2025-04-15T14:58:54Z,73555d4c-d665-47cd-9daf-053f1f0d990f
429331,269545,4582,06:15:00,22500,2025-04-15T14:59:15Z,ca9d1f11-8b65-4273-aa42-6decd26f3cc4
429348,269545,4599,02:15:00,8100,2025-04-15T14:59:15Z,a4d735a4-5f05-4e49-9b5b-7658ddc700aa
429415,268905,4210,00:30:00,1800,2025-04-16T13:35:02Z,c0378398-1580-4481-87a0-6458b7843d46
429467,265678,4763,08:45:00,31500,2025-04-16T21:18:05Z,129273a8-4530-4c6a-acbc-8eb862139de1
429483,268364,4763,08:45:00,31500,2025-04-16T21:20:05Z,3873b937-9280-4391-90f6-bd46acfa2b0f
429497,270480,4763,08:30:00,30600,2025-04-16T21:22:49Z,b924e7d5-30ff-45a4-aa7a-8c8c70f0956e
429499,270482,4763,06:00:00,21600,2025-04-16T21:24:01Z,b4559a1a-e82d-4091-a2e7-c6946db414e3
429504,270486,4763,07:15:00,26100,2025-04-16T21:24:41Z,dca8ed15-badc-4931-822b-061788488ec6
429590,268913,4496,01:00:00,3600,2025-04-17T14:33:40Z,a1b3c999-6b0e-4476-b422-1cd5019dff79
429594,271963,4496,01:00:00,3600,2025-04-17T14:35:00Z,f319ed5b-6723-4d5f-b90c-27c353fc1967
429596,271970,4210,01:00:00,3600,2025-04-17T14:35:46Z,2eaf778b-77f6-40a7-a131-da1771c3e979
429600,271986,4491,01:00:00,3600,2025-04-17T14:36:28Z,8688babe-2bd9-428d-90ea-2ae996e589e6
429655,272112,3979,06:40:00,24000,2025-04-17T15:49:49Z,ea3ed3f1-a0eb-4c63-be03-2bdfde02e588
429683,264903,3968,02:00:00,7200,2025-04-23T07:33:13Z,f7ff84c2-5cb4-4f68-8a68-a1cbf33251bb
429716,266068,3968,02:00:00,7200,2025-04-23T07:44:45Z,c7f3ec19-b4f7-4f3b-ad59-37fe4128aac5
429751,266566,3968,02:00:00,7200,2025-07-02T09:43:32Z,ad9886ff-2dc9-4ce0-8af0-91cf5a54552b
429744,266565,4579,01:00:00,3600,2025-04-23T07:51:56Z,b8178a68-7381-4464-80b8-8a6800976c3a
429754,266568,4556,02:00:00,7200,2025-04-23T07:53:21Z,90f227ea-6d9a-4b46-a308-20b4bdb6de0b
429755,266568,3968,02:00:00,7200,2025-04-23T07:53:21Z,7274a200-988f-4472-8596-96a45343c56a
429764,266699,4556,01:00:00,3600,2025-04-23T07:55:08Z,1bb83f10-0b42-4579-80d0-aa3ee3b33858
429765,266699,4557,01:00:00,3600,2025-04-23T07:55:08Z,2f2d9186-b3ec-4911-aacb-4d1b92286ee3
429730,266071,3968,03:00:00,10800,2025-07-02T09:42:33Z,f4e35f33-9fda-4f12-b52f-f71621d9a2bc
429770,266700,4556,01:00:00,3600,2025-04-23T07:57:09Z,c6ce9ee1-88c1-4652-8146-7d6acf960abb
429771,266700,4557,01:00:00,3600,2025-04-23T07:57:09Z,7b95b04f-f23d-4304-a9c6-3d24f819bd5d
429773,266700,3968,01:00:00,3600,2025-04-23T07:57:09Z,ed9cd29a-4a58-446e-b7f4-7b6b4896be00
429704,265400,3968,04:00:00,14400,2025-07-02T09:41:42Z,eb6ef1b8-8d78-4a6e-90f5-54925d325e35
429736,266072,3968,03:30:00,12600,2025-07-02T09:42:51Z,566a89ec-9728-4a01-80b9-c07e9e02e68b
429741,266565,3968,03:15:00,11700,2025-07-02T09:43:14Z,77a40dee-efbb-4824-bb06-206dacc1a309
429823,268913,4976,05:00:00,18000,2025-04-23T13:58:07Z,7fabbf8c-e83d-4015-b4a0-6b0a3b46ea21
429824,271963,4976,05:00:00,18000,2025-04-23T13:58:16Z,36871781-672d-4583-a0f1-656439c8b73e
429825,271970,4976,05:00:00,18000,2025-04-23T13:58:25Z,eed6a3a6-4f30-46e9-a588-e1aea017cba1
429826,271986,4976,02:00:00,7200,2025-04-23T13:58:33Z,ce449215-e0c3-4d10-85ef-9dd26c7f103a
429827,268905,4976,07:30:00,27000,2025-04-23T13:58:58Z,72fbbd88-299a-4833-9733-58ffe2a4b0ab
429828,268906,4976,07:00:00,25200,2025-04-23T13:59:06Z,cb29d070-e272-4bcf-bb05-6f6d04c582f9
429829,268875,4976,08:00:00,28800,2025-04-23T13:59:18Z,7911e487-fcae-4096-bb42-9330c5e7611a
429830,268879,4976,04:00:00,14400,2025-04-23T13:59:25Z,b86f63f4-4bc4-444e-89ed-ff1013f9009a
429831,268880,4976,03:00:00,10800,2025-04-23T13:59:31Z,26d8312d-6214-4773-ac2a-7482ef27d668
429836,266701,3968,03:00:00,10800,2025-04-23T14:00:03Z,f759045a-2da5-4955-82ef-abc511e4e06b
429840,266837,4556,02:00:00,7200,2025-04-23T14:00:32Z,9660c526-1c6f-4c68-a726-ef353d2f4ebe
429844,266838,3968,02:00:00,7200,2025-04-23T14:00:53Z,b8747df4-3a68-4e91-b904-94e832b42f7f
429849,267372,4579,01:00:00,3600,2025-04-23T14:02:30Z,ad395d1e-21ef-485f-9b63-833dc532b24d
429851,267372,4556,01:00:00,3600,2025-04-23T14:02:30Z,27acb934-3b6b-446b-8d98-2ae405576c4a
429852,267372,4557,01:00:00,3600,2025-04-23T14:02:30Z,5d447b5b-a94c-4363-a548-230dc9dc98d4
429846,267371,3968,02:00:00,7200,2025-04-24T14:52:10Z,361234c9-810f-42a5-b2ef-ef7116aa582a
429854,267372,3968,01:00:00,3600,2025-04-24T14:52:26Z,9a2287b2-6b8d-41f8-9b29-98c72fdb8bed
429955,267728,3968,04:00:00,14400,2025-04-24T06:06:04Z,86f1f085-838a-45e0-9729-262d81f83311
429940,267373,4556,02:00:00,7200,2025-04-24T06:04:47Z,c6df1896-229a-420d-8d4a-d0d304b51c11
429946,267374,4556,01:00:00,3600,2025-04-24T06:05:10Z,b41a1e71-c9c6-4a7c-8351-97d5aab7d39e
429947,267374,4557,01:00:00,3600,2025-04-24T06:05:10Z,2dfaf73c-02dc-4766-813c-d2b6e22ff4b0
429949,267374,3968,01:00:00,3600,2025-04-24T06:05:10Z,3d4fe6d1-45e0-47f6-8988-3dcef1815787
429952,267727,4556,02:00:00,7200,2025-04-24T06:05:52Z,9c942f62-d44b-4682-b656-28042de193af
429957,267729,3968,03:00:00,10800,2025-04-24T06:06:26Z,c9d8f7fa-ab91-4600-99c1-833e8e8a3dcf
429958,267729,4554,02:00:00,7200,2025-04-24T06:06:35Z,e5051dfb-35fe-467c-8b17-1ab24dfe82b9
429959,267729,4556,02:00:00,7200,2025-04-24T06:06:35Z,d33a21b8-919e-4c1b-b2ad-b97df3c1c76c
429939,267373,4554,04:00:00,14400,2025-04-24T14:52:53Z,3452a631-a177-4200-bbdb-eb38162214bf
429945,267374,4554,02:00:00,7200,2025-04-24T14:53:05Z,07a6820e-8feb-430c-9687-bedc41dd37cd
430015,268069,4556,02:00:00,7200,2025-04-24T07:11:38Z,66877a45-c0a9-45c0-a59c-7aacfb7038da
430114,268953,4554,02:00:00,7200,2025-04-24T14:29:48Z,2f53eb62-362c-4c3f-ae3a-12dae68231dc
430115,268953,4556,02:00:00,7200,2025-04-24T14:29:48Z,00449cc8-9c31-4315-a4a1-fe5be52d7a24
430116,268953,3968,03:00:00,10800,2025-04-24T14:29:48Z,42d1a9a7-6c11-455e-8b46-02cc6647d238
430120,268954,3968,02:00:00,7200,2025-04-24T14:30:23Z,78e514a7-d59b-4d7a-8efd-cddb1dfacf03
430124,268955,3968,03:00:00,10800,2025-04-24T14:30:57Z,a82da788-f085-40c8-8610-2afe8ea8d48b
430122,268955,4554,02:00:00,7200,2025-04-24T14:31:09Z,52bb3361-abbf-4407-a142-b10d268768ae
430123,268955,4556,02:00:00,7200,2025-04-24T14:31:09Z,38dec811-b162-487d-8039-072d38a668d3
430126,269412,4554,01:00:00,3600,2025-04-24T14:31:57Z,bfebb2fa-c7bc-4731-bac8-df1f94121dff
430131,269413,4557,01:00:00,3600,2025-04-24T14:32:21Z,b96bc456-92fd-41aa-873d-8be8b9585c9e
430132,269413,3968,03:00:00,10800,2025-04-24T14:32:21Z,4bd20d91-dfb7-4b5a-aeb0-4671d896f04d
430134,269414,3968,04:00:00,14400,2025-04-24T14:32:36Z,7bdff8f4-25b6-4337-a845-cd5270c833db
430135,269414,4556,02:00:00,7200,2025-04-24T14:32:54Z,977273fc-093e-4548-95a0-dfdb9752ca8b
430137,269416,3968,04:00:00,14400,2025-04-24T14:33:50Z,90cda1d7-7e98-42a8-95ef-e7c964755d51
430144,269729,4554,02:00:00,7200,2025-04-24T14:35:31Z,e7a19449-1ad3-4d25-9267-0102b21fe98a
430145,269729,4556,02:00:00,7200,2025-04-24T14:35:31Z,c0469b6f-4b80-43ef-97ba-17534469e33a
430146,269729,3968,01:15:00,4500,2025-04-24T14:35:31Z,bf54ff21-65f7-43a3-86ab-317f8f636a6b
430148,269730,4554,01:00:00,3600,2025-04-24T14:35:59Z,a25561d4-7166-49fe-ac71-89a78b3af136
430147,269730,3968,05:45:00,20700,2025-04-24T14:36:14Z,780501df-57ea-459b-8a4c-c0e3769b85f7
430150,270107,4554,03:00:00,10800,2025-04-24T14:37:46Z,86043982-6858-411a-8312-d6da13a4a5f2
430151,270107,4556,03:00:00,10800,2025-04-24T14:37:46Z,ae2284c3-8012-4939-a087-948bafbfca83
430152,270107,3968,01:15:00,4500,2025-04-24T14:37:54Z,f914a730-4f52-4b54-b807-6a77de44a52c
430153,270108,3968,02:45:00,9900,2025-04-24T14:38:05Z,50bc8129-c6a9-4be9-9bd4-ebb0d1d66c3b
430154,270108,4554,02:00:00,7200,2025-04-24T14:38:13Z,b9a7afd2-43a4-4832-b803-129f7377e25a
430155,270108,4556,03:00:00,10800,2025-04-24T14:38:13Z,b8255b56-5321-45fa-833a-72cc6308ae05
430156,270109,4554,03:00:00,10800,2025-04-24T14:38:31Z,e5a3654c-69fc-45a5-8038-0f25a49c82b9
430157,270109,4556,03:00:00,10800,2025-04-24T14:38:31Z,742ac349-2c77-4263-a5d0-103bba971b13
430158,270109,3968,01:00:00,3600,2025-04-24T14:38:41Z,92c999d3-1062-4508-90d4-4ba4c6072ebb
430160,270110,4554,03:00:00,10800,2025-04-24T14:39:01Z,36de7bdf-b8d7-414d-8bcf-41cfd89cbdc0
430161,270110,4556,03:00:00,10800,2025-04-24T14:39:01Z,9b6542db-df85-4eb2-aa91-6f5e78f4eabf
430162,270110,3968,01:00:00,3600,2025-04-24T14:39:01Z,7493919d-a1be-4a3d-97e9-68db3f0d3b09
430163,270191,4554,04:00:00,14400,2025-04-24T14:39:27Z,452afe11-cf34-40c1-96dd-5e627dacaefd
430164,270191,4556,04:00:00,14400,2025-04-24T14:39:27Z,62020eb2-84c0-4a17-b1ef-620f31966483
430136,269414,4554,02:00:00,7200,2025-04-24T14:47:54Z,df75ffb3-866d-4df4-bd56-f8fbcd08f0fe
430143,269728,4554,02:00:00,7200,2025-04-24T14:48:26Z,4464ab59-0b3a-4040-997f-a7675b083bf3
430165,270191,3968,00:45:00,2700,2025-04-24T14:39:27Z,3fa50850-c98d-466b-919c-d89fcd590a92
430169,270603,3968,02:00:00,7200,2025-04-24T14:40:16Z,5a3d2454-8576-4187-b4e0-c40f2f389cb5
430171,270604,4556,02:00:00,7200,2025-04-24T14:40:36Z,e02eab9a-eb4b-40d0-b2d8-93722c6a20bf
430173,270605,4556,02:00:00,7200,2025-04-24T14:40:56Z,5d417dc9-5663-4a32-bd28-7540db7de3b3
430179,270606,3968,02:15:00,8100,2025-04-24T14:41:44Z,680c69d1-7aac-4cf7-b6f4-721c8d60d823
430180,270606,4554,03:00:00,10800,2025-04-24T14:41:50Z,cec3b393-088f-4c92-a544-79763f1fd4a9
430181,270606,4556,03:00:00,10800,2025-04-24T14:41:50Z,03986e0c-88c7-4fcc-9982-beffec8cd958
430182,270872,4554,04:00:00,14400,2025-04-24T14:42:29Z,1d6a769d-08d6-4a9c-865b-c350dac10c13
430183,270872,4556,04:00:00,14400,2025-04-24T14:42:29Z,3ec4cdc9-b58c-4c36-8f60-3977ccf21a8b
430184,270872,3968,00:45:00,2700,2025-04-24T14:42:29Z,fa7f6731-f4d6-4e60-8a5f-c9acff1b39bc
430186,270873,4554,02:00:00,7200,2025-04-24T14:45:26Z,9b697f19-1d1d-41fc-bd51-399b0bf7e22d
430199,268954,4554,02:00:00,7200,2025-04-24T14:47:32Z,ae660f53-ba0d-49b0-ad5b-96539d95a9f7
430200,269413,4554,02:00:00,7200,2025-04-24T14:47:45Z,a730ff15-473b-40bd-9017-9d664d965520
430201,269416,4554,04:00:00,14400,2025-04-24T14:48:09Z,b62ad778-ceee-4982-9818-f0ffaa76379a
430166,270603,4554,05:00:00,18000,2025-04-24T14:49:08Z,0659aab6-cb2a-46e6-92ba-156e435ffe64
430170,270604,4554,06:00:00,21600,2025-04-24T14:49:18Z,7692a1fb-6ce1-44f5-93e8-693537010d0e
430202,270605,4554,03:00:00,10800,2025-04-24T14:49:31Z,458402af-caf6-49e3-9d83-47179327294d
430203,267728,4554,04:00:00,14400,2025-04-24T14:50:04Z,3eb9ed32-2296-4e1e-8aa7-9d6efa0ed2f5
430207,270873,4579,01:00:00,3600,2025-04-24T14:54:27Z,c9a42640-90c9-42da-979c-724fde2e8db1
430208,270873,3968,04:15:00,15300,2025-04-24T14:54:31Z,19dbe81d-a82a-4eb8-8b6a-5e38748fd323
430218,271312,4556,01:00:00,3600,2025-04-24T14:55:42Z,995c875c-c29f-41c3-8895-627e5aa4b63a
430222,271313,4556,01:00:00,3600,2025-04-24T14:56:08Z,10bc8f66-24fb-4045-87b3-5856d19e0e33
430174,270605,3968,02:15:00,8100,2025-05-05T15:25:02Z,1a1d90bc-1b44-4969-8596-58d691b54a3f
430368,272522,4892,01:00:00,3600,2025-04-28T08:07:47Z,02b8bc6e-3962-4f49-b84c-ec2df9645aea
430370,272522,4882,02:00:00,7200,2025-04-28T08:07:47Z,a4b3782c-da07-4836-9f10-9338162b3e81
430372,272521,4899,04:00:00,14400,2025-04-28T08:09:43Z,db7f94c1-624d-4120-8731-43d55f442598
430378,272519,4918,05:00:00,18000,2025-04-28T08:10:53Z,e0057e3d-c215-47d3-80a1-43cb827e29cc
430380,272519,4892,02:00:00,7200,2025-04-28T08:10:53Z,135aafa5-2f1a-4b6d-97d1-2d55620b2873
430382,272518,4893,04:00:00,14400,2025-04-28T08:11:20Z,6013b32e-adf2-496e-8745-c3329b1e32c8
430384,272517,4886,02:00:00,7200,2025-04-28T08:11:50Z,085bb2b4-e851-455f-933a-fddcea43cfed
430385,272517,4884,03:00:00,10800,2025-04-28T08:11:50Z,eb16fd3c-9229-41d0-b247-0e9b03aa567e
430387,272516,4885,03:00:00,10800,2025-04-28T08:13:34Z,57ec8f24-0862-49ca-b334-99ffbed24037
430388,272516,4882,02:00:00,7200,2025-04-28T08:13:34Z,9e5c72bd-da8a-47ce-a402-d09c6427cc8b
430390,272515,4893,04:00:00,14400,2025-04-28T08:14:25Z,f4c6554d-f9fb-4018-9626-f326b5152e7b
430391,272515,4885,01:00:00,3600,2025-04-28T08:14:25Z,b5009011-9ed9-43bc-b289-e658e7be3ff5
430393,272514,4893,05:00:00,18000,2025-04-28T08:15:01Z,51111cde-9817-437f-a4cd-2f00e69b8c1e
430396,272512,4893,05:00:00,18000,2025-04-28T08:15:59Z,1198a531-ba07-4892-88ca-70d08ad6d7a9
430398,272511,4893,05:00:00,18000,2025-04-28T08:16:27Z,3707f972-0133-44e6-84f8-f8f9d2846c9b
430400,272510,4893,05:00:00,18000,2025-04-28T08:17:37Z,8867edec-88c6-4ee1-ab02-ee1705000471
430402,272509,4893,05:00:00,18000,2025-04-28T08:17:56Z,86cdff91-6cf4-43a7-a2ac-6498028e5e51
430404,272507,4893,05:00:00,18000,2025-04-28T08:18:17Z,2c16d7c1-eda2-47a1-abfd-54760327547b
430407,271016,4893,05:00:00,18000,2025-04-28T08:19:03Z,ca5ae537-cc20-44ec-a2a1-a312fc46e3b9
430409,271015,4876,05:00:00,18000,2025-04-28T08:19:29Z,6820210e-371d-4855-b6eb-c22e46148559
430411,271014,4876,05:00:00,18000,2025-04-28T08:19:53Z,2c0d96e7-1fb9-4125-a82f-757530632cf4
430506,271002,4918,06:00:00,21600,2025-04-28T12:49:05Z,0e02ecce-c22d-46d6-a9ca-711cdb3e659e
430507,267965,4918,04:00:00,14400,2025-04-28T12:49:59Z,ed543b07-ef51-4601-9e0e-54bd475e5838
430510,267968,4918,04:30:00,16200,2025-04-28T12:51:17Z,366146db-194f-44af-bffd-71c2b0198806
430647,272744,4769,01:00:00,3600,2025-05-05T13:04:20Z,9b8902a6-072f-4a6e-aa0a-9722213406eb
430672,272765,4443,02:00:00,7200,2025-04-30T09:17:24Z,4fe094b4-afae-4b8e-bd38-48d71df237ac
430674,272744,4443,02:00:00,7200,2025-04-30T09:18:15Z,b7d0e611-eb58-458b-9b52-4804e0c2af9e
430679,272776,4443,02:00:00,7200,2025-04-30T09:19:42Z,84d64d43-c96c-4891-a699-90b15cbc8965
430717,272811,4443,02:00:00,7200,2025-04-30T09:29:30Z,c9784d53-bace-4d90-b01d-f737e19d726f
431153,268720,4859,02:00:00,7200,2025-05-02T14:13:01Z,8ded49d2-065c-475b-b331-876836eefc88
431151,268720,4492,03:00:00,10800,2025-05-02T14:13:13Z,6b78ecc0-ab11-46f4-beae-a6b9bd943263
431161,272922,4492,03:00:00,10800,2025-05-02T14:20:25Z,638444bf-61c6-4fa9-954c-74398c2fb14a
431164,272932,4492,04:00:00,14400,2025-05-02T14:21:13Z,e02b8e87-2e97-44e7-9ada-28ed0e3d1771
431165,272937,4492,03:00:00,10800,2025-05-02T14:21:40Z,7b52b480-e1dc-40e9-953d-d423f160a507
431167,272944,4492,04:00:00,14400,2025-05-02T14:22:08Z,cfb7e949-cc12-4dfe-b114-fdd719bb0da3
431168,272948,4492,02:30:00,9000,2025-05-02T14:22:24Z,48e14a1d-5c8a-4630-a380-129c6f08a4d1
431169,272941,4859,04:00:00,14400,2025-05-02T14:23:13Z,11453068-7d15-434a-97a6-e420e0f283a6
431170,272943,4859,03:00:00,10800,2025-05-02T14:23:36Z,26800b61-2de7-4edd-a1e4-0e89c57f5901
431171,272949,4859,03:00:00,10800,2025-05-02T14:23:52Z,99d0cc9f-339d-45d4-b77e-2bc69ea67ee1
431173,272934,4859,03:00:00,10800,2025-05-02T14:24:57Z,d6d3d779-edac-4c8a-ad05-a95209544685
431174,272929,4859,03:00:00,10800,2025-05-02T14:25:10Z,f7020e64-7673-4f33-a370-bd5df2e4a159
431175,272923,4859,02:00:00,7200,2025-05-02T14:25:31Z,2c39db78-a14e-432e-95e7-aacb37e6e312
431180,268638,4859,03:00:00,10800,2025-05-02T14:27:01Z,13feb63c-7d7a-47a7-b03e-bc90d8c2ff5c
431185,268633,4812,04:00:00,14400,2025-05-02T14:31:26Z,bd0e1285-5e6b-4e99-a3f8-c977f21dd7a8
431186,268635,4812,04:00:00,14400,2025-05-02T14:31:47Z,ffec6fce-43f0-48c4-b124-1c4a77848c3d
431187,268636,4812,04:00:00,14400,2025-05-02T14:32:19Z,f3696deb-9cb0-44d8-aa83-41fbbd8aab18
431188,268637,4812,03:00:00,10800,2025-05-02T14:32:37Z,c97aa4a7-ca5b-417f-892d-561cb4b56e6f
431189,268639,4812,05:00:00,18000,2025-05-02T14:32:57Z,088ebfe0-f258-4f3f-8de8-175a578b40f9
431190,264753,4812,03:00:00,10800,2025-05-02T14:33:15Z,754c630c-fb93-4071-9ad3-299d57951b99
431191,268641,4812,04:00:00,14400,2025-05-02T14:33:29Z,da87bd62-5034-4cff-9aaf-9cb740e93e79
431192,268644,4812,06:00:00,21600,2025-05-02T14:33:44Z,a9b343d0-9cb5-41e6-83e4-4c1210e8e538
431193,268646,4812,06:00:00,21600,2025-05-02T14:34:07Z,80cc2949-0511-4233-9bee-44d4fad5877e
431194,268642,4812,06:00:00,21600,2025-05-02T14:34:23Z,60ff6da9-5c97-462b-b474-e52fe8bbaaef
431195,268634,4812,05:00:00,18000,2025-05-02T14:34:49Z,d5485c61-33ed-4b16-80fa-0d4a20466c99
431196,268638,4812,04:45:00,17100,2025-05-02T14:35:41Z,39e8ef71-afb7-4e98-a59b-b7b69ceaed30
431197,268640,4812,05:15:00,18900,2025-05-02T14:36:05Z,659231c4-b9e5-4cc2-864b-59b32e999cdf
431198,268643,4812,05:00:00,18000,2025-05-02T14:36:23Z,76fe0916-a2f7-48bc-8c26-3c8bf49c6a0e
431199,268651,4812,04:00:00,14400,2025-05-02T14:37:01Z,58b4b6a0-a3c0-4429-ada7-29d79c526fcc
431202,268654,4812,04:00:00,14400,2025-05-02T14:38:15Z,3585a177-a76c-4a7d-abe2-8f42e8d89cf1
431203,268656,4812,05:00:00,18000,2025-05-02T14:38:32Z,06764178-2764-4eb2-8cde-e01774dfd922
431204,268657,4812,04:00:00,14400,2025-05-02T14:38:48Z,3c0b7554-2821-4f38-88ef-20d7079b1cf1
431205,268660,4812,06:00:00,21600,2025-05-02T14:39:03Z,1f0029b0-f0bc-4206-8bce-59d3e369dbae
431206,268661,4812,06:00:00,21600,2025-05-02T14:39:18Z,9f077b58-5b0a-44c5-ae66-75f7c00dd6c8
431207,268665,4812,06:00:00,21600,2025-05-02T14:39:34Z,a7041243-fd31-4a61-b759-2c1c71563c25
431208,268663,4812,04:00:00,14400,2025-05-02T14:39:51Z,d51a433c-0c0f-4ee0-bd54-caa8a4128b4e
431209,268668,4812,06:00:00,21600,2025-05-02T14:40:03Z,3c07d11a-c0aa-4dca-bed5-52a5041a6fcf
431210,268670,4812,06:00:00,21600,2025-05-02T14:40:24Z,4d71e0d1-13bb-4ee7-a414-0b3c7a4de1d8
431211,268669,4812,04:00:00,14400,2025-05-02T14:40:38Z,5bf18407-db82-4207-aa73-7872c4407ace
431212,268659,4812,04:00:00,14400,2025-05-02T14:40:55Z,b033a729-67a5-4bf7-9cc9-8d047ec0e576
431213,268658,4812,04:00:00,14400,2025-05-02T14:41:12Z,7d56a779-e40b-41d9-bf60-74a8de3d187b
431214,268666,4812,05:00:00,18000,2025-05-02T14:41:30Z,f7bb92ec-7acb-4885-a993-aded7f6763fe
431201,268653,4812,06:00:00,21600,2025-05-02T14:42:02Z,07740646-4db1-45d3-9f9f-7c4ba04d4ddb
431215,268667,4812,05:00:00,18000,2025-05-02T14:42:21Z,1b4ec197-72e8-4ad8-a7e4-02d914628259
431216,268662,4812,05:00:00,18000,2025-05-02T14:42:35Z,091d7ae2-cebb-4d3c-804c-54d389f3bb95
431200,268652,4812,06:00:00,21600,2025-05-02T14:42:59Z,46e685ab-41d9-4f90-89b5-7593c29a0a52
431217,268655,4812,04:00:00,14400,2025-05-02T14:43:32Z,304fd6c6-7231-499d-8976-7d38233fa27c
431218,268664,4812,03:00:00,10800,2025-05-02T14:44:07Z,d0727798-71e3-439b-accf-5b8e9968c19b
431219,268633,4203,04:00:00,14400,2025-05-02T14:52:05Z,7a877f42-6985-425f-a66e-eb64c2bf1312
431221,268635,4203,02:00:00,7200,2025-05-02T14:52:50Z,1bf04316-f870-408e-8a69-1a243d59e598
431224,268637,4203,02:00:00,7200,2025-05-02T14:54:25Z,fd39d8fa-50e5-44ca-b5d8-2d9da2953f2b
431239,268664,4203,01:00:00,3600,2025-05-02T15:01:24Z,cbc32e68-f850-4d2a-82cc-256700b3dbd9
431245,272918,4624,03:00:00,10800,2025-05-02T15:06:06Z,75549427-34b0-47e7-b267-d31e7d00962e
431246,272918,4203,03:00:00,10800,2025-05-02T15:06:06Z,a076b28a-97c3-4378-842f-45a34c691242
431249,272924,4203,03:00:00,10800,2025-05-02T15:06:26Z,80219b8b-b270-498d-8624-74ff0de74bd8
431250,272921,4492,04:00:00,14400,2025-05-02T15:06:59Z,5ec00326-fe5a-4047-9b18-81f8efb98ba2
431252,272925,4492,04:00:00,14400,2025-05-02T15:07:24Z,13590b73-c8e8-4b36-b233-6c1d1a691bf1
431256,272930,4492,03:00:00,10800,2025-05-02T15:08:03Z,343ece94-5cc1-428b-add4-6e423913e4ff
431258,272931,4492,03:00:00,10800,2025-05-02T15:08:26Z,990c4bb2-ed3c-4c09-8781-b5205aad21d9
431259,272933,4624,03:00:00,10800,2025-05-02T15:08:46Z,df63a539-3b8c-4fe8-8757-d49c127e3f9a
431260,272933,4492,03:00:00,10800,2025-05-02T15:08:46Z,305cb1bc-5547-4b47-8029-f0a54d5b5d74
431262,272935,4203,03:00:00,10800,2025-05-02T15:09:13Z,d93d0673-8b67-4b82-843b-88c7f7a1bb71
431263,272935,4492,03:00:00,10800,2025-05-02T15:09:13Z,103ffc01-04aa-4273-906d-c65ce65b8f1e
431265,272938,4492,03:00:00,10800,2025-05-02T15:09:48Z,ca234a3c-7267-4e7f-a17f-ca207159d893
431267,272940,4492,03:00:00,10800,2025-05-02T15:10:04Z,77d44d28-b1f0-4d93-a301-16dbb9933f9c
431268,272942,4624,03:00:00,10800,2025-05-02T15:10:44Z,f0afba81-a3a1-46fd-8a3b-aa0ff1e35668
431269,272942,4492,03:00:00,10800,2025-05-02T15:10:44Z,978812b6-332b-4786-b861-e469f1c97159
431271,272945,4492,03:30:00,12600,2025-05-02T15:11:13Z,d94ad7d9-8038-4135-9685-12711a0685aa
431273,272946,4492,03:00:00,10800,2025-05-02T15:11:32Z,608acf7c-79ea-4455-abd5-f24434debc87
431275,272947,4492,03:00:00,10800,2025-05-02T15:12:01Z,5c583859-ff0b-4328-9ab0-7207d27cd501
431284,272922,4201,03:00:00,10800,2025-05-02T15:20:04Z,e03414c0-eca6-44c4-8af6-ca062812a1e2
431286,272934,4201,03:00:00,10800,2025-05-02T15:20:55Z,c35235b1-9d76-4a33-9868-2c395d781205
431288,272921,4203,01:00:00,3600,2025-05-02T15:22:06Z,23544bab-9a6b-406c-b1f0-d68841826c3e
431290,268719,4203,02:00:00,7200,2025-05-02T15:22:33Z,85835f8e-a20e-4494-8aca-4d25c2297f8f
431292,272925,4203,01:00:00,3600,2025-05-02T15:23:41Z,7bef98bd-4ecc-48ed-8641-b647f268f72f
431294,272949,4201,02:00:00,7200,2025-05-02T15:25:05Z,f7034210-c4cf-4fd8-ac67-2bc51227e99a
431295,272949,4203,03:00:00,10800,2025-05-02T15:25:05Z,89c00195-19fb-46f9-9637-9b1078e9affc
431296,272939,4201,03:00:00,10800,2025-05-02T15:25:37Z,aa6a09a2-8586-4ed1-93b6-57f19c5ca81d
431166,272939,4492,02:30:00,9000,2025-05-02T15:27:06Z,852d3c8e-98e2-4ce3-8573-b05e1ec0acf1
431328,264669,4769,02:00:00,7200,2025-05-05T12:48:55Z,b95a764f-2238-4ddc-9985-22985c4a759f
431336,272754,4784,03:00:00,10800,2025-05-05T12:50:16Z,9d9d0be0-60fe-4be9-91cc-a03f46076e55
431344,272756,4443,02:00:00,7200,2025-05-05T12:51:43Z,f543c577-bed6-458c-b7a5-354af33e83de
431349,272757,4769,02:00:00,7200,2025-05-05T12:52:14Z,500a9f4b-ade5-4eb6-a2b2-525ac18e41d0
431360,272763,4784,02:00:00,7200,2025-05-05T12:54:43Z,8bd79589-2036-4453-a4d7-9a95e913e7b0
431361,272764,4443,04:00:00,14400,2025-05-07T06:27:15Z,40efa7bf-4ec6-402c-86a9-5a94d91ceeac
431388,272773,4769,02:00:00,7200,2025-05-05T13:05:05Z,90ab0367-263b-42c4-bcf6-0f759f570aeb
431399,272777,4443,02:00:00,7200,2025-05-05T13:08:10Z,501299b6-3ca3-4746-b97e-ef56ea839e72
431402,272778,4784,03:00:00,10800,2025-05-05T13:08:29Z,3726bc1e-1436-4a56-a5a0-b2423c62e3e1
431411,272780,4443,02:00:00,7200,2025-05-05T13:13:27Z,48759318-597d-4936-993a-6dd3715be0a6
431375,272769,4785,03:00:00,10800,2025-05-05T13:13:46Z,c773944f-e411-42fd-9fda-21696807fe05
431420,269941,4443,02:00:00,7200,2025-05-05T13:15:20Z,97c7a200-40dd-456a-ba17-99cbf84fe64e
431431,272788,4785,03:00:00,10800,2025-05-05T13:18:01Z,c2ea36cf-aee1-4119-a248-1505eb19746a
431434,272789,4769,02:00:00,7200,2025-05-05T13:18:20Z,f98def70-cfdf-408a-8dbd-ab1e6f49721c
431439,272791,4443,02:00:00,7200,2025-05-05T13:18:58Z,282fdb04-51a3-495a-a71b-7ffa62a952f8
431460,272797,4784,02:00:00,7200,2025-05-05T13:24:25Z,f83d8515-4627-47d9-9577-0d4762c954d9
431461,272797,4769,02:00:00,7200,2025-05-05T13:24:25Z,425ab405-cde7-4d9e-9181-305f1e294c4f
431463,272798,4443,02:00:00,7200,2025-05-05T13:24:41Z,cef34f64-ef50-4116-8352-aee024c8f25b
431472,270661,4443,02:00:00,7200,2025-05-05T13:28:34Z,695e3452-e6bf-4096-ba09-855fe5fa3691
431489,272808,4785,02:00:00,7200,2025-05-05T13:37:41Z,db8b05bd-50d0-439d-9817-0f449d40578e
431492,272808,4784,02:00:00,7200,2025-05-05T13:37:41Z,84a51e29-7183-4566-a1c4-717cf08dee19
431506,272814,4769,02:00:00,7200,2025-05-05T13:40:15Z,3e5f1e68-57f2-4da1-a57f-bdab1666b962
431513,272817,4785,02:00:00,7200,2025-05-05T13:41:17Z,b56efca3-50c3-42e5-ab39-d6ed52d8bbe2
431514,272817,4443,02:00:00,7200,2025-05-05T13:41:17Z,20217076-7a11-429f-84c0-20ebbe2cdd48
431524,272961,4785,02:00:00,7200,2025-05-05T13:43:03Z,1dbf45de-7918-4d03-8ca1-3c9d78846a61
431525,272961,4443,02:00:00,7200,2025-05-05T13:43:03Z,ff5593ae-ba50-4d4a-8621-d1bd3853453f
431482,272804,4443,01:00:00,3600,2025-05-05T13:46:13Z,027f433f-826f-43d6-a7b5-a7a392b0939a
431555,271314,4556,03:00:00,10800,2025-05-05T15:14:52Z,4a29809d-a11d-4943-a27e-795f24351610
431558,272091,4556,02:00:00,7200,2025-05-05T15:16:16Z,3063d49c-7fe7-42e2-b803-ea27f7bb1861
431559,272091,3968,03:00:00,10800,2025-05-05T15:16:22Z,28c88910-ea83-4d9e-9dc3-cce8d5aaeeef
431560,272092,4557,00:45:00,2700,2025-05-05T15:16:53Z,45691544-7846-416c-9495-610d5890127c
431566,272094,4556,02:00:00,7200,2025-05-05T15:18:44Z,5a25288f-4237-45a3-aa43-239c4ed7f085
431567,272094,3968,02:00:00,7200,2025-05-05T15:18:44Z,35c17f5f-c622-4b4c-82d1-522f3ceff1b5
431570,272095,4556,02:00:00,7200,2025-05-05T15:19:47Z,4ebf9394-7c74-4f56-a321-2a563ec2de83
431571,272095,3968,02:00:00,7200,2025-05-05T15:19:47Z,3626e20e-158d-402a-b862-ebecfd05974e
431590,272419,4556,02:00:00,7200,2025-05-05T15:26:16Z,5973f938-196d-4bae-94e8-6c2e5d5aed23
431598,272806,4769,02:30:00,9000,2025-05-05T15:30:04Z,fbe02dbc-ef19-4eea-9f99-f29faeece1fe
431728,272774,4443,02:00:00,7200,2025-05-07T06:27:49Z,5f387120-3b24-4a57-a9d6-ff0a5a6a2f22
431729,272783,4443,02:00:00,7200,2025-05-07T06:29:45Z,56f9a691-08c7-42de-bc94-3368bb0cbea7
431743,273220,4201,02:00:00,7200,2025-05-07T11:31:50Z,3279d586-14ae-4725-9d19-290174ae8249
431745,273220,4203,02:00:00,7200,2025-05-07T11:31:50Z,85c1d763-becd-4823-932f-2ec496c1cc80
431773,273277,4353,04:00:00,14400,2025-05-07T15:20:57Z,ed50fcf2-ac1e-44e0-b5a8-841d147dc22f
431774,273277,4381,04:00:00,14400,2025-05-07T15:20:57Z,12f065e3-b3e5-4262-a8bf-624969ec7f30
431775,273278,4353,03:00:00,10800,2025-05-07T15:21:17Z,e4f5816f-abae-4e7c-86d5-9d3ac5bbfb80
431776,273278,4381,05:00:00,18000,2025-05-07T15:21:17Z,8bd1a403-4e3d-40c8-a65b-22c9296a315c
431777,273279,4381,02:00:00,7200,2025-05-07T15:21:42Z,33978e3f-b2b7-4302-b945-d199684d4119
431778,273279,3979,06:00:00,21600,2025-05-07T15:21:42Z,f28429ae-72c5-446c-814f-651146e07fc2
431779,273281,4353,03:00:00,10800,2025-05-07T15:22:25Z,9e7977e4-2529-4aab-822b-930d7f38eefc
431780,273281,4381,02:00:00,7200,2025-05-07T15:22:25Z,98aecdcd-547c-49a3-9596-e31adb7f6c49
431781,273281,3979,03:00:00,10800,2025-05-07T15:22:25Z,e116666b-c33e-4638-99ab-b0a75f9be3bd
431783,273283,3979,08:00:00,28800,2025-05-07T15:23:07Z,27947308-c66d-415e-b938-35c4dfb48b48
431784,273284,4381,04:00:00,14400,2025-05-07T15:23:31Z,3ec742d1-cc63-4c57-9712-4bb03882cbab
431786,273285,4353,05:00:00,18000,2025-05-07T15:23:55Z,0456c6b2-ac76-4295-834c-26434358e29b
431787,273285,3979,03:00:00,10800,2025-05-07T15:23:55Z,c2de0d4f-b654-4deb-bf0f-2954fc8eb938
431788,273286,4353,01:00:00,3600,2025-05-07T15:24:14Z,53e43963-38d5-4a6d-8621-a0448ca7acd8
431789,273286,3979,07:00:00,25200,2025-05-07T15:24:14Z,486b49f6-b578-4c68-ae0f-925681bee7ca
431790,273287,4381,02:00:00,7200,2025-05-07T15:24:36Z,4524d882-0744-44fa-b37f-71ff50c27c13
431791,273287,3979,06:00:00,21600,2025-05-07T15:24:36Z,98c0ead4-eb82-4585-a3eb-1aa7d3c8181c
431813,273338,4082,10:00:00,36000,2025-05-08T06:42:09Z,258ecc85-efa4-4455-a75f-b7ff6b522008
431820,273197,4489,06:40:00,24000,2025-05-08T16:52:52Z,e304b969-9ee2-457a-887d-2071cbd59b09
431872,266857,4035,09:15:00,33300,2025-05-12T15:19:25Z,2ce5c12c-288f-4693-a726-453f3fcee632
431874,267113,4082,09:15:00,33300,2025-05-12T15:19:37Z,b1521747-10c9-4b6a-b66a-fab7f81402f2
431961,273618,4813,08:00:00,28800,2025-05-15T22:08:16Z,558f9d99-99f3-4cfe-bac0-00fc53b05796
431968,273370,4813,02:00:00,7200,2025-05-15T22:10:49Z,2e0c0b93-96bf-4fcf-a035-9ef750bec005
431975,273369,4813,02:30:00,9000,2025-05-15T22:19:07Z,bc78726c-82b2-49cd-9109-19d3b6bc3440
431986,270895,4812,04:00:00,14400,2025-05-15T22:23:54Z,e7ffdd50-4050-432c-918d-94a9ac7974cc
432009,272971,4813,01:00:00,3600,2025-05-15T22:38:07Z,0695ec58-97a5-4084-8ffa-c28fa9467bd4
432040,269425,4813,02:00:00,7200,2025-05-15T22:59:38Z,636ac225-74ce-4a8a-8d6a-1942b8bf6a14
432043,269426,4813,03:00:00,10800,2025-05-15T23:00:22Z,a69e9f0f-7d8d-4d27-83a9-6813024b9d21
432045,269918,4811,02:00:00,7200,2025-05-15T23:01:05Z,b0b315e3-1c40-4546-9f8f-7f2ff94c3f57
432046,269918,4813,01:30:00,5400,2025-05-15T23:01:28Z,b8f2e654-9460-4253-be37-6589c35f4b6c
432054,268838,4812,02:00:00,7200,2025-05-15T23:04:31Z,78def156-dbd7-4f00-93c3-9390b099a911
432041,269426,4811,01:00:00,3600,2025-05-15T23:05:05Z,5e9d35bc-036f-48d3-a870-e8ee14fae175
432061,270625,4813,01:00:00,3600,2025-05-15T23:08:33Z,9e67e31f-6263-444d-8a5b-06a4abdd7db2
432042,269426,4812,06:00:00,21600,2025-05-15T23:09:52Z,65999ff4-d92e-43b5-92d5-2b0ec7970766
432063,270350,4813,02:00:00,7200,2025-05-15T23:11:35Z,95e252a2-d652-4c4e-b403-5f2403f97616
432064,270139,4813,01:00:00,3600,2025-05-15T23:12:26Z,6fa0430c-9b3b-4260-9842-5a1fb39a0e02
432066,272972,4812,05:00:00,18000,2025-05-15T23:26:21Z,c35adda3-9ee4-42f8-b42d-9e7892a53e6f
432067,272973,4813,01:00:00,3600,2025-05-15T23:26:44Z,49f402ad-302b-4d48-9ddb-1b1494c9bfe4
432105,273940,4184,07:00:00,25200,2025-05-19T14:20:07Z,1acc77fe-664e-4089-96ea-37a0195055aa
432371,274744,4568,05:00:00,18000,2025-05-22T08:05:06Z,af34405f-4a71-4948-b4c5-f75457872faa
432387,274749,4568,05:00:00,18000,2025-05-22T08:11:49Z,2a32562d-9fae-4726-a384-a066447263da
432445,274768,4568,02:00:00,7200,2025-05-22T08:39:06Z,c0f9b54d-e502-4bb1-ac22-68259249c01d
432454,274771,4568,02:00:00,7200,2025-05-22T08:42:24Z,f13a913f-d455-4be9-bb32-92a5efe009b8
432464,274774,4568,02:00:00,7200,2025-05-22T08:46:12Z,9a956faf-9176-40e5-a0c5-78b1bb0c39d7
432467,274775,4568,03:00:00,10800,2025-05-22T08:46:49Z,88cd715f-7156-40be-8729-9992a5627fba
432482,274813,4568,02:00:00,7200,2025-05-22T09:51:00Z,ef23062a-9360-4a24-9b0c-30a959a2fb87
432495,274819,4568,02:00:00,7200,2025-05-22T09:55:35Z,e6f7864d-8959-458c-9b6a-f7f15462f8cd
432506,274823,4568,02:00:00,7200,2025-05-22T09:59:15Z,84a95265-9604-43a2-9f44-d8d5ecaae187
432509,274824,4568,03:00:00,10800,2025-05-22T10:00:15Z,05aa7ff6-b585-4fd7-9543-8271a0427d34
432513,274826,4568,05:00:00,18000,2025-05-22T10:02:22Z,648feeb3-0ef9-41bf-885c-8ce68a42cdd3
432515,274827,4568,02:00:00,7200,2025-05-22T10:03:29Z,66070427-66bd-4b67-a3f8-a1af08b0fa4b
432517,274828,4568,02:00:00,7200,2025-05-22T10:04:07Z,c40f8aa4-5b8c-4565-8897-a59ddffb4a26
432572,274834,4568,04:00:00,14400,2025-05-22T10:32:38Z,cc1f33c0-a754-4827-90a5-f3530048b462
432573,274831,4568,02:00:00,7200,2025-05-22T10:33:25Z,db3e5589-c0ac-42d3-b900-d056e3b362e1
432575,274838,4568,02:00:00,7200,2025-05-22T10:34:35Z,6ba57957-08a7-4846-9afc-cfb677912e2e
432581,274842,4568,02:00:00,7200,2025-05-22T10:46:09Z,60e1db45-034c-41f0-83f3-b4209999aa79
432704,275012,4184,06:00:00,21600,2025-05-23T15:30:44Z,7c817198-b16a-42fd-bbad-fcd11e2c4196
432887,266518,4535,02:00:00,7200,2025-05-28T14:26:35Z,8f86a573-d047-4ecf-816f-3cb21a0220fd
432866,264868,4535,04:00:00,14400,2025-05-28T14:13:35Z,8d62dd6a-af0f-429a-8ca7-bbbcd24f0486
432869,265496,4535,04:00:00,14400,2025-05-28T14:14:51Z,724f0675-49d4-465e-9321-20079268adbc
432871,265712,4535,02:00:00,7200,2025-05-28T14:15:52Z,09d615ac-c8b3-46ea-a63d-7b5fd1c5858a
432886,266518,3967,06:00:00,21600,2025-05-28T14:26:51Z,5d6fa4ff-8b3a-47ae-892d-92f999b9f1af
432888,266688,3983,08:00:00,28800,2025-05-28T14:27:18Z,430b0592-85bb-4687-ac90-3d5cf841ff7f
432889,266751,3983,07:30:00,27000,2025-06-03T08:47:10Z,fe60dcc5-0f67-485a-82a3-40d5f1e033bc
432877,266356,4535,10:00:00,36000,2025-05-28T14:18:03Z,03668007-caab-4ee5-a3d5-9386d679aa74
432879,266358,4535,08:00:00,28800,2025-05-28T14:18:31Z,8aa785fa-55ae-4aee-a25a-260193e92002
432881,266370,4535,04:00:00,14400,2025-05-28T14:19:09Z,3b0c8601-177c-4fcd-a196-d133b2669316
432883,265086,3884,04:00:00,14400,2025-05-28T14:23:25Z,a24cec3b-a4db-4ed3-87a9-ff8401cf7548
432892,266824,4535,02:00:00,7200,2025-05-28T14:29:10Z,1dea30b5-14eb-4b96-ba7c-eda450bfdddd
432893,266824,3983,01:00:00,3600,2025-05-28T14:29:38Z,2dc7ab61-7cf5-455c-ba62-bc900fa700de
432899,267624,4535,04:00:00,14400,2025-05-28T14:31:42Z,a9722342-40bc-4fd1-a4dc-eda6280c285a
432901,267625,4535,02:00:00,7200,2025-05-28T14:32:33Z,c76166b7-c99e-4231-b468-9ef21f311a3a
432904,268055,4535,02:00:00,7200,2025-05-28T14:33:23Z,8c3ec107-ad07-4b37-aaa5-32d65d2ec7f3
432902,268055,3983,04:00:00,14400,2025-05-28T14:33:41Z,21de50a6-31aa-4479-a6de-361547a110b5
432908,268053,4535,02:00:00,7200,2025-05-28T14:35:05Z,8046dd8e-bd6e-4722-a752-49eb605354b7
432867,265496,3983,03:00:00,10800,2025-06-03T08:46:11Z,147c6a0d-f60f-4c3a-b2ab-830fc852387c
432912,268489,4535,02:00:00,7200,2025-05-28T14:36:41Z,150a97d2-2f53-4799-a72b-3fea80a45a04
432915,268582,3983,01:30:00,5400,2025-06-03T08:49:39Z,b3621eb6-4fca-4adf-9bfd-4722b4807c28
432914,268582,4535,02:30:00,9000,2025-05-28T14:38:40Z,43fd470b-919c-4304-afea-1ce81add37fe
432917,268743,4535,02:00:00,7200,2025-05-28T14:39:28Z,7640e1f6-26fc-493c-8084-e8ddde42a46b
432919,269028,4535,03:00:00,10800,2025-05-28T14:40:28Z,b6a82665-4a37-4311-bb68-8f9fb75cd6a4
432923,269490,4535,09:00:00,32400,2025-05-28T14:44:02Z,9f8a1cc0-5e91-44b3-9ad3-c7a1d9dbc357
432925,269547,4535,02:00:00,7200,2025-05-28T14:44:38Z,b83239d3-2717-4226-8ce8-820a393489d6
432969,273959,3968,03:00:00,10800,2025-05-28T15:01:28Z,900ba810-4b06-4d93-9674-5188f202142f
432927,269712,4535,05:00:00,18000,2025-05-28T14:45:44Z,c83b8647-8d52-47f4-a348-7dc32f27710a
432934,270102,4535,03:00:00,10800,2025-05-28T14:47:29Z,ff64c76e-90eb-4346-9737-591a1a8258cf
432931,270102,3983,02:30:00,9000,2025-05-28T14:47:38Z,b8efe9b8-56a1-47d9-bd03-b7c15831ed4d
432935,270473,3983,03:00:00,10800,2025-05-28T14:48:14Z,b61841c4-3e1b-4dfb-830c-68b1d0acef57
432939,270550,4535,04:00:00,14400,2025-05-28T14:49:01Z,e5d37120-f5c8-4b33-98c7-5518be11a983
432948,271904,4535,10:00:00,36000,2025-06-03T08:55:09Z,6b6f576d-b551-4904-ba72-ba563727fb42
432945,271733,4535,02:00:00,7200,2025-05-28T14:52:29Z,0d88b243-f458-4146-ba8b-3eb6352f62f1
432946,271838,3983,04:30:00,16200,2025-05-28T14:53:01Z,1b6ace9b-26b6-4c75-9e0e-8598e0b640a4
432947,271838,4535,04:30:00,16200,2025-05-28T14:53:01Z,707e55b6-ba6a-4695-b3d3-f84afd0e60ef
432954,272559,4535,02:00:00,7200,2025-05-28T14:54:51Z,bbf0e681-a4cf-4b45-a0be-76f9a70b1a08
432960,273545,3983,04:30:00,16200,2025-06-03T08:56:59Z,6dfb9d07-a884-4384-992d-ff4c61689611
432959,273479,4535,05:00:00,18000,2025-05-28T14:57:49Z,262feb4f-0ae2-478e-b04f-a31bb4ea7af4
432961,273545,3968,01:30:00,5400,2025-05-28T14:58:24Z,1a2d1848-2745-4cdb-835b-4b4fac2f8b31
432964,273812,3967,01:30:00,5400,2025-05-28T14:59:44Z,e5c74e07-2dce-4316-b19b-97c1632c593d
432965,273812,4535,08:00:00,28800,2025-05-28T14:59:44Z,0e7d894c-4f99-40f2-b933-d63112d2a258
432967,273872,4535,05:30:00,19800,2025-05-28T15:00:10Z,63950cc3-06fb-498c-a635-47f1aa697fa9
432972,274915,4535,04:00:00,14400,2025-05-28T15:02:49Z,ef0ff1e3-1271-47ea-9acd-cc811daf35ab
432976,275146,4535,01:30:00,5400,2025-05-28T15:03:43Z,a1d88d24-71a2-44fb-97c8-47db736541b9
432910,268489,3983,03:00:00,10800,2025-06-03T08:49:23Z,785f26a5-fe7b-4db7-8232-791d94d422ce
432955,273055,3968,07:30:00,27000,2025-06-03T08:55:54Z,c322e53f-3983-4717-a33d-b083c8176fe5
432968,273959,3983,05:30:00,19800,2025-06-03T08:57:27Z,775f1397-206f-4ebb-8c38-b08571e23560
433184,267553,4377,04:00:00,14400,2025-06-02T12:22:52Z,db26966e-245b-4ee6-8248-74a6c33f593b
433148,264951,4834,04:00:00,14400,2025-06-02T12:10:36Z,a0eb5eb3-1558-452a-ac19-fc82707573fb
433149,264951,4377,04:00:00,14400,2025-06-02T12:10:36Z,bc496145-4944-426c-877f-8a0d545ca8d1
433150,265933,4834,03:00:00,10800,2025-06-02T12:10:52Z,8ec0b980-37a1-49a9-926c-9280a28b2076
433151,265933,4377,04:00:00,14400,2025-06-02T12:10:52Z,85b0f881-ac3d-4ee6-b932-ba647385594c
433152,265929,4377,04:00:00,14400,2025-06-02T12:11:09Z,2a2b2fa0-5e0a-45db-b554-c3264df088a0
433153,265930,4377,04:00:00,14400,2025-06-02T12:11:20Z,a48c3e0a-6594-48e5-96eb-f261b8a4225e
433167,271346,4377,04:00:00,14400,2025-06-02T12:16:57Z,ed3e46ee-cc28-46fa-9ce3-9110f94c4f5f
433168,271775,4377,04:00:00,14400,2025-06-02T12:17:02Z,2ebd94b5-ce11-4588-89e2-eaba2f3c0ebd
433169,273100,4377,04:00:00,14400,2025-06-02T12:17:08Z,88bdad9f-c0ae-47c5-bc54-9b5152ba23f3
433170,270631,4377,04:00:00,14400,2025-06-02T12:21:12Z,329aa7c9-dfd7-4de5-ae94-73612a3a4d38
433171,273101,4377,04:00:00,14400,2025-06-02T12:21:19Z,f1720168-221d-4a5c-9522-79475a86920f
433174,268923,4377,04:00:00,14400,2025-06-02T12:21:40Z,31589eed-0749-450b-b8c7-c815c8a9b81e
433185,267657,4377,04:00:00,14400,2025-06-02T12:22:59Z,cfcc6440-cfa7-4f25-9680-165124e2596a
433187,265998,4377,04:00:00,14400,2025-06-02T12:23:29Z,8151d114-6667-4a9f-ac18-69a364673681
433188,266301,4377,04:00:00,14400,2025-06-02T12:23:35Z,9e1c1af6-54fb-4161-9b87-b2bf0f6c4db5
433189,267550,4377,04:00:00,14400,2025-06-02T12:23:52Z,b4b425d1-0f10-4527-87a9-3a6deab1d661
433190,267551,4377,04:00:00,14400,2025-06-02T12:23:57Z,62ce919d-7fa0-44af-b81f-fdcd6f537cd2
433192,268073,4377,04:00:00,14400,2025-06-02T12:24:09Z,8f2b857e-d60c-418a-a78b-9559077b1058
433199,275108,4377,02:00:00,7200,2025-06-02T12:25:46Z,016ee605-e653-4b55-a885-64bec54189cb
433156,275107,4834,07:00:00,25200,2025-06-02T13:02:59Z,5e462c94-d742-4ede-bd54-49b172e3af63
433210,265934,4377,02:00:00,7200,2025-06-02T12:29:05Z,04ceada3-9153-4609-9f80-a169a66326c6
433216,266302,4377,02:00:00,7200,2025-06-02T12:31:45Z,84c16346-4dbd-43b3-8ddf-a3deb5f1215f
433217,265934,4834,02:40:00,9600,2025-06-02T12:31:57Z,4153babd-6480-43cb-bc96-52143ab8aefb
433223,266301,4834,04:00:00,14400,2025-06-02T12:33:52Z,30317fa8-6d70-4210-a1b3-de5b8385fda8
433224,265998,4834,04:00:00,14400,2025-06-02T12:33:59Z,4b6190ab-5b77-4bd6-aa64-f32e4f547ec8
433225,265930,4834,04:00:00,14400,2025-06-02T12:34:07Z,d7d80397-2c1f-47fb-a6bf-6b1cfc39d7ed
433226,265929,4834,04:00:00,14400,2025-06-02T12:34:12Z,a021d3ac-bb21-43fe-9f66-1255d90cd78a
433227,265928,4834,04:00:00,14400,2025-06-02T12:34:17Z,f37c4cf9-5fb7-41c9-8556-62153e2fdee6
433186,265928,4377,04:00:00,14400,2025-06-02T12:35:06Z,6f28f153-70c4-4ead-b26f-6ee0f0ca3482
433213,265931,4834,04:00:00,14400,2025-06-02T12:36:00Z,19715e12-ee6c-46b2-b66c-2fbbace78947
433211,264949,4834,04:20:00,15600,2025-06-02T12:37:50Z,69ee47bc-5af7-41aa-8a87-41977df47a35
433220,266302,4834,02:00:00,7200,2025-06-02T12:38:47Z,0d797fad-f427-42ec-b153-e4b2a44e0274
433232,267550,4834,04:00:00,14400,2025-06-02T12:40:58Z,4886c017-1037-4353-80c9-2eef51ff43db
433233,267551,4834,04:00:00,14400,2025-06-02T12:41:03Z,541b4e1e-51ee-4aa0-b55f-873d5fd1afab
433234,267553,4834,04:00:00,14400,2025-06-02T12:41:13Z,d3fd8075-5466-4107-a82f-300a9b0d2fad
433235,267657,4834,04:00:00,14400,2025-06-02T12:41:21Z,85118113-4244-4acb-a3f0-d19991e61884
433239,268075,4834,04:40:00,16800,2025-06-02T12:42:18Z,b1c882ce-99fa-4f1a-9c50-fe692e355c7e
433242,268073,4834,04:00:00,14400,2025-06-02T12:42:42Z,49b11652-b433-44e5-8e79-cb5cc9e0634a
433243,268927,4834,04:40:00,16800,2025-06-02T12:43:03Z,a99ac735-1093-4d75-b21f-92827efa3ad1
433290,268923,4834,04:00:00,14400,2025-06-02T12:57:03Z,c50f011e-4347-4227-839c-094a0df828e9
433301,270631,4834,04:00:00,14400,2025-06-02T12:58:48Z,930c4eb9-fcff-44dc-89b5-30cd9cee9c45
433302,271346,4834,04:00:00,14400,2025-06-02T12:58:53Z,f6ce61f7-5e4b-4c94-84a0-a782576612ba
433303,271775,4834,04:00:00,14400,2025-06-02T12:58:58Z,c32f068f-a81e-4eac-ad74-e50190bb4a44
433304,273100,4834,04:00:00,14400,2025-06-02T12:59:04Z,8e5fa31e-c5d1-4bca-8093-2220ea71c879
433305,273101,4834,04:00:00,14400,2025-06-02T12:59:10Z,ebb487b6-4ddc-4c2f-b4f5-4b71fe3be01f
433311,275108,4834,02:00:00,7200,2025-06-02T13:00:51Z,ff0c6530-3f23-43c3-ba01-a6406a8583ac
433566,267864,4819,01:00:00,3600,2025-06-02T21:13:02Z,f72c32ca-ae13-4331-9878-82e3bbb95f2e
433556,266184,4819,01:00:00,3600,2025-06-02T21:02:52Z,31f26045-693a-4083-8ee7-0aefca687265
433560,266187,4819,01:00:00,3600,2025-06-02T21:03:47Z,a546237b-22a8-4a42-a88e-9f83699bfa20
433561,266188,4819,01:00:00,3600,2025-06-02T21:03:59Z,777d7bb9-92c1-415c-8d4e-cac459731bd8
433562,266189,4819,01:00:00,3600,2025-06-02T21:04:12Z,90c3bdbf-6d97-4fcc-9134-3a9ffcd9f821
433563,266722,4819,01:00:00,3600,2025-06-02T21:04:25Z,0492408b-51b0-4ec1-8bb1-3482b548807d
433564,266724,4819,01:00:00,3600,2025-06-02T21:12:11Z,409a4da8-d2d5-4328-99c1-0dc0f7a6daf0
433568,267866,4819,01:00:00,3600,2025-06-02T21:14:32Z,85965b3e-ef62-422d-b8e2-a9a6bc25d3fb
433569,267869,4819,01:00:00,3600,2025-06-02T21:14:46Z,359345ec-ae93-436c-af2b-debf7b8ebda1
433571,267871,4819,01:00:00,3600,2025-06-02T21:15:45Z,87125350-4913-4483-b39a-ad16dfaa07a1
433572,267872,4819,01:00:00,3600,2025-06-02T21:16:02Z,f874a220-b700-4c39-91f6-2214df7b9cb4
433574,268618,4819,01:00:00,3600,2025-06-02T21:19:26Z,433b7b06-4a1d-4c8b-a309-e296a40dd688
433577,269442,4819,01:00:00,3600,2025-06-02T21:20:48Z,0673f072-26dd-4e66-81b1-9167f14c8efc
433579,270056,4819,01:00:00,3600,2025-06-02T21:25:02Z,96cf974a-69e7-4da7-8e1c-913927951c34
433581,270058,4819,01:00:00,3600,2025-06-02T21:26:19Z,c1b11b63-a7e0-4526-a41f-286f38797239
433570,267870,4819,02:00:00,7200,2025-06-17T16:54:22Z,8ff61259-f5fe-4f1d-bbf1-9736151a6135
433590,271976,4820,01:00:00,3600,2025-06-02T21:31:12Z,539f0557-bfaf-4d72-9ff6-e8bdcfe6ac8d
433591,271977,4819,01:00:00,3600,2025-06-02T21:31:32Z,027bc22d-78a1-4367-8cfb-9b2d1f1482a2
433592,271979,4820,01:00:00,3600,2025-06-02T21:31:52Z,486104d8-57a9-48d7-a69b-c9bd8cc4ede1
433593,271981,4819,01:00:00,3600,2025-06-02T21:35:40Z,5894172f-5df5-42f5-a892-a0c11fa732c0
433594,272463,4820,01:00:00,3600,2025-06-02T21:36:00Z,4e7dd7e8-0218-4e0d-8ff4-f0589219f039
433596,273198,4819,01:00:00,3600,2025-06-02T21:36:32Z,71010bda-7797-4ba1-b61f-ca5c7ddf9c61
433644,265098,4818,03:00:00,10800,2025-06-02T22:00:24Z,f3715939-f4a8-40a4-aa41-75e9989343be
433660,266723,4986,03:00:00,10800,2025-06-02T22:07:03Z,bc9dc1b5-bd34-47dd-b933-f4f068593352
433661,266723,4840,02:00:00,7200,2025-06-02T22:07:24Z,a63025b2-e2b9-414a-83f4-a7d0d34a8892
433667,266187,4841,02:00:00,7200,2025-06-02T22:10:07Z,7f9f22d4-761a-4c2e-bfe2-1f28135eff0b
433668,266188,4841,05:00:00,18000,2025-06-02T22:10:38Z,f8a0c3f4-99d3-4397-9421-5d93c05ab5e0
433669,266725,4989,03:00:00,10800,2025-06-02T22:12:13Z,8fa70ad2-cd8f-4539-8651-00c59243c5cf
433672,266727,4840,03:00:00,10800,2025-06-02T22:12:28Z,c189b760-d523-49c2-a9f5-6a8d45d48d5a
433679,273067,3882,02:00:00,7200,2025-06-03T06:49:31Z,ed044edd-0819-491c-b8c3-def7b1db7de6
433681,273067,4557,02:00:00,7200,2025-06-03T06:49:31Z,24c43caa-9317-4d23-98de-2fa6ceae3653
433683,273332,3882,02:00:00,7200,2025-06-03T06:50:08Z,bfe8f671-2b86-4bf2-97ed-9aac68476210
433684,273332,4556,02:00:00,7200,2025-06-03T06:50:08Z,768fe54e-9b71-41fc-b7fc-5b0c6d0be8f6
433685,273332,4557,02:00:00,7200,2025-06-03T06:50:08Z,06e28280-79a9-4984-ac6d-b6ca8d1936a5
433686,273332,3968,02:15:00,8100,2025-06-03T06:50:54Z,d865b365-b846-46e5-bb8d-f47e5a48912f
433687,273333,3882,02:00:00,7200,2025-06-03T06:51:12Z,ef4601e6-2876-4d3c-95d6-958fbb2edb3d
433688,273333,4556,02:00:00,7200,2025-06-03T06:51:12Z,47303538-4c7d-48e9-ae1f-fb2a852ac5ff
433689,273333,4557,02:00:00,7200,2025-06-03T06:51:12Z,ebbdb328-12af-4012-b5d6-8fda7f085e23
433690,273333,4558,02:00:00,7200,2025-06-03T06:51:12Z,d9b2121d-2c96-4c55-aa14-a7bf1c5989f0
433692,273424,4556,02:00:00,7200,2025-06-03T06:51:29Z,9a459b4a-9f26-40ac-b6fb-7de1f5483686
433693,273424,4557,02:00:00,7200,2025-06-03T06:51:29Z,1944833e-553c-446f-b0ce-95f3a8d4c1f8
433694,273424,4558,02:00:00,7200,2025-06-03T06:51:29Z,11e24d83-e8a5-4978-b643-62df93514e01
433695,273424,3968,00:30:00,1800,2025-06-03T06:51:29Z,7d5d4023-ec1c-43b3-98b2-0d2f861aebc0
433696,273621,4556,02:00:00,7200,2025-06-03T06:51:57Z,548a8fb5-8db5-4a26-98bd-ac3e8b1aadcf
433697,273621,4557,01:00:00,3600,2025-06-03T06:51:57Z,ec279265-ce22-401a-835c-fb18d9e87e9d
433700,273622,3882,02:00:00,7200,2025-06-03T06:52:22Z,551e8b17-4a5c-473e-b32f-7d92a6f762b6
433701,273622,4556,02:00:00,7200,2025-06-03T06:52:22Z,c15e6f92-26a5-484e-998d-7ffad6708122
433702,273622,4557,02:00:00,7200,2025-06-03T06:52:22Z,ac098eb4-936b-44e1-a836-541cbffa23fc
433704,273623,4556,02:00:00,7200,2025-06-03T06:52:39Z,030bd3f7-02ca-42e5-a26e-a8fbdf20309d
433705,273623,4557,02:00:00,7200,2025-06-03T06:52:39Z,968a0dc3-f74c-4be9-84a5-62d8c8b88447
433706,273623,3968,01:30:00,5400,2025-06-03T06:52:39Z,21109c4b-cf4f-49d7-873a-cf955c001be4
433707,273840,3882,02:00:00,7200,2025-06-03T06:53:32Z,4862e63f-91cb-4f30-979b-7e8dc5d6863b
433709,273840,4556,02:00:00,7200,2025-06-03T06:53:32Z,d2daa692-b2a0-4243-ac72-f90016ec67c1
433710,273840,3968,02:00:00,7200,2025-06-03T06:53:32Z,9bb623ff-5921-4eb4-b1a0-5fae99c1e53d
433711,273841,3882,02:00:00,7200,2025-06-03T06:53:58Z,c867acc2-0ac2-4d31-96a9-50add35e58e9
433712,273841,4556,02:00:00,7200,2025-06-03T06:53:58Z,6c3a6589-8709-443f-bcd0-decb40e101a6
433713,273841,3968,03:45:00,13500,2025-06-03T06:53:58Z,2995f9b0-be77-4678-ab1b-3a0ccc9c9502
433715,273973,4556,02:00:00,7200,2025-06-03T06:54:20Z,595ff0cb-6db1-4cb4-8000-2cb7dfd529ba
433716,273973,4557,02:00:00,7200,2025-06-03T06:54:20Z,63342eaa-90e2-44d5-8a74-c7be50bdc601
433717,273973,4558,02:00:00,7200,2025-06-03T06:54:20Z,03149a81-5a13-4dbc-ad71-598b53f400fd
433718,273973,3968,00:15:00,900,2025-06-03T06:54:20Z,c1e77e87-189a-4a7d-96c7-344cdbfab591
433720,273974,4556,03:00:00,10800,2025-06-03T06:54:36Z,34d196a9-7e25-4636-8ce8-b03daf64e3fe
433734,275151,4556,02:00:00,7200,2025-06-03T06:55:50Z,071378ba-5021-4b65-84b7-1f572bc1cb95
433735,275151,4557,02:00:00,7200,2025-06-03T06:55:50Z,fcae5ec7-8cd6-472d-8493-0cade9c17aef
433746,275458,4556,02:00:00,7200,2025-06-03T06:56:56Z,d0742633-ba42-417e-b35d-17a9902c19c1
433755,264611,3983,06:30:00,23400,2025-06-03T08:35:59Z,a4cd5e7d-46cf-464d-8fad-75697575787b
433761,265160,3983,07:30:00,27000,2025-06-03T08:36:35Z,91e1d5d4-add9-4103-8f3e-b8b803b5e04e
433764,265356,4535,08:00:00,28800,2025-06-03T08:36:53Z,ea230a0d-405a-4e14-8c2d-0f5c5cedd010
433768,265655,3983,08:30:00,30600,2025-06-03T08:37:10Z,b85d0e14-efd0-4eec-ac59-8217028fcb97
433780,266927,3983,08:00:00,28800,2025-06-03T08:38:08Z,abb6b302-57a0-477e-aa13-250d93d2802f
433784,267708,3983,08:00:00,28800,2025-06-03T08:38:26Z,998091c3-e52c-4723-9151-1859804c439d
433790,268054,3983,08:00:00,28800,2025-06-03T08:38:47Z,57323a1a-759d-4b8c-a905-025c6ebf0f81
433796,268251,3983,05:30:00,19800,2025-06-03T08:39:14Z,6ffe6488-8b0a-452f-86b3-eb17aa56b3cd
433800,268679,3967,07:00:00,25200,2025-06-03T08:39:33Z,e40a1851-8760-4c7f-a986-371d4babed75
433814,269916,3983,08:30:00,30600,2025-06-03T08:40:26Z,f456c68d-bb15-4387-844e-36b79c35091b
433817,270778,3983,08:00:00,28800,2025-06-03T08:41:02Z,874bfe1e-9793-4839-b254-12794d3314f5
433820,270916,3983,05:30:00,19800,2025-06-03T08:41:13Z,12336b44-f537-4bd7-9c95-02863baf812b
433830,272378,3983,08:00:00,28800,2025-06-03T08:41:57Z,85976476-0521-4bb3-9fec-08bfaa49a3ed
433835,272560,3983,08:30:00,30600,2025-06-03T08:42:16Z,4427f535-2ca7-4604-9975-45540280c1b9
433837,272731,3967,08:00:00,28800,2025-06-03T08:42:29Z,9f313893-9113-4f80-9392-52119459fb8a
433839,272884,3983,08:00:00,28800,2025-06-03T08:42:37Z,cc696d75-2837-4ef7-9eca-6bd8af9c83bf
433840,273406,3968,08:00:00,28800,2025-06-03T08:42:54Z,e1729d8f-60a2-413a-8250-1bdce300f7cd
433841,273811,3967,08:00:00,28800,2025-06-03T08:43:11Z,5704e6c2-caad-4f7d-b600-a9d3f5606603
433846,275254,3968,08:30:00,30600,2025-06-03T08:43:54Z,a713413e-75f8-46f3-8e4a-3d3868851481
433787,267794,3967,09:00:00,32400,2025-06-03T08:48:13Z,32f91b9e-9ef4-4380-a075-35ca3fe384b1
433794,268188,3983,08:30:00,30600,2025-06-03T08:49:07Z,b14f7603-2ca6-45de-a805-f7fc7dffc1ee
433807,269167,3983,08:30:00,30600,2025-06-03T08:50:15Z,8486b6d9-ff9e-44af-9527-2473461c8819
433810,269409,3983,09:30:00,34200,2025-06-03T08:50:49Z,c93de7bc-a276-4cb9-9a6c-04e90ab0c2b1
433815,270616,3983,08:00:00,28800,2025-06-03T08:53:41Z,d8225de2-ffc8-42b7-aaae-5d4b7d1627aa
433823,271521,3983,09:30:00,34200,2025-06-03T08:54:36Z,6180153e-f826-429c-a663-a314e860a386
433825,271677,3983,09:00:00,32400,2025-06-03T08:54:53Z,301c1096-0560-4c70-99b7-d9f74e5f9757
433843,274051,3983,08:30:00,30600,2025-06-03T08:57:46Z,1a14e858-1b5f-4374-b186-6d5dafa15d7e
433847,275297,3983,09:00:00,32400,2025-06-03T08:58:52Z,39d0a134-c3d1-404d-b993-b89198027530
433968,272298,4655,02:45:00,9900,2025-06-03T13:16:24Z,6e0a68e1-c1cd-4e8e-8530-c5de0e2714f5
434009,275557,4184,03:00:00,10800,2025-06-04T16:18:48Z,a02acb00-eb3f-486d-a947-86a81f4c54fa
434010,275557,5024,03:15:00,11700,2025-06-04T16:18:53Z,a028a686-ee6b-4f17-b96f-aff46fc3cf05
434456,272475,3883,02:00:00,7200,2025-06-10T09:04:59Z,07dc7fa6-788e-435b-a50c-7b3a4080ade5
434469,271731,3983,06:00:00,21600,2025-06-10T11:43:04Z,1e5ab841-0d63-40d5-8586-f2b7ed78c3d2
434470,271731,4535,02:00:00,7200,2025-06-10T11:43:04Z,dbcff1ea-723a-4bb3-aa8a-c1537bb7d38d
434546,275820,5024,02:15:00,8100,2025-06-10T15:47:19Z,528d45ef-9059-4190-ac84-87eb261a6f42
434715,275677,4184,03:00:00,10800,2025-06-11T10:31:01Z,2e29b3aa-f600-48e1-bb9d-bf1c383e6f19
434716,275677,5024,01:00:00,3600,2025-06-11T10:31:11Z,12a2df82-66da-4ab2-99f1-2e5255e5a119
434967,275956,5024,02:00:00,7200,2025-06-11T15:13:12Z,8fc57474-8d60-46b8-a0dd-14ae25fc1323
435256,275997,4489,06:40:00,24000,2025-06-12T11:43:50Z,8c0b439c-10e7-4176-987b-285c6b20a0f6
435336,276111,5024,03:00:00,10800,2025-06-12T16:46:31Z,cb6f0b98-93bb-40fd-a066-3c0d3a1ce3c8
435338,276111,4184,03:00:00,10800,2025-06-12T16:46:45Z,af0f6379-f258-4e4f-bade-0c57a560cb91
435355,275829,4378,08:00:00,28800,2025-06-16T11:24:08Z,3ee3a374-214d-46e5-80b3-8e308f1be0e8
435356,275830,4378,10:00:00,36000,2025-06-16T11:24:15Z,d950ccd7-ab9f-4900-90e3-87fe7bc055ab
435357,275831,4378,10:00:00,36000,2025-06-16T11:24:20Z,3c89f6a7-f4fa-40d1-b1aa-ebbc88d1f5e7
435358,275832,4375,04:00:00,14400,2025-06-16T11:24:32Z,4a0d2441-df71-4549-9e40-77c48db64d78
435359,275973,4378,05:30:00,19800,2025-06-16T11:24:49Z,6b11697c-4c97-43ac-9ff4-59a87851097d
435361,276179,4378,08:30:00,30600,2025-06-16T11:25:18Z,3b7a0543-f6fb-44de-829e-10cf906451eb
435362,275470,4375,04:30:00,16200,2025-06-16T11:25:48Z,5131046f-4ac7-48be-8bbd-9ddc43533dc7
435363,275456,4376,08:45:00,31500,2025-06-16T11:25:54Z,b355c70a-6b37-4c9e-9492-d048c446c014
435365,273075,4378,08:45:00,31500,2025-06-16T11:26:19Z,99565b8f-2e66-46bd-8add-60478c936571
435366,273188,4376,04:45:00,17100,2025-06-16T11:26:29Z,8e0b438b-bce1-4968-9302-39b28ee69d63
435367,273482,4378,08:30:00,30600,2025-06-16T11:26:54Z,a0de624e-4823-42b1-b291-5848dbdf3ced
435368,273570,4378,08:00:00,28800,2025-06-16T11:27:05Z,e62ea2b3-e4b9-4997-9df3-ffc6a45bf093
435371,273905,4378,08:00:00,28800,2025-06-16T11:27:31Z,722f034a-20c5-4345-bd3d-f7f006203de0
435372,273976,4378,08:00:00,28800,2025-06-16T11:27:37Z,b809cdc7-6ed1-43ae-8a4f-dc217698d4ce
435373,274173,4375,04:30:00,16200,2025-06-16T11:27:47Z,6c762475-debb-4988-9821-1628d5552c0d
435375,275053,4378,08:15:00,29700,2025-06-16T11:28:09Z,f5c4b0dd-c654-4db2-999d-553be6b60c58
435376,275185,4375,08:00:00,28800,2025-06-16T11:28:23Z,786eb168-530b-41cb-a0a2-9f6fad0f82a8
435377,275273,4378,05:00:00,18000,2025-06-16T11:28:42Z,e5e645e7-f29b-4b06-8fa2-a0595098c48a
435378,273483,4376,10:00:00,36000,2025-06-16T11:29:20Z,894151f4-71fb-47cd-8419-2abe50db4445
435379,270669,4375,05:30:00,19800,2025-06-16T11:29:42Z,c0788409-9df7-4c13-9b0c-73a6231b0e75
435380,270805,4378,07:45:00,27900,2025-06-16T11:29:49Z,7501782f-e3ce-4561-9c9f-631d86443eaa
435381,270884,4376,04:30:00,16200,2025-06-16T11:29:59Z,a2ee416d-6f32-454e-86ab-60a93f210488
435383,271347,4378,07:30:00,27000,2025-06-16T11:30:20Z,a3e2bf6d-3aea-4098-a84c-bb3e76664621
435384,271552,4375,04:00:00,14400,2025-06-16T11:30:25Z,cbb1db84-2753-40db-b831-01c585f05332
435385,271603,4378,05:15:00,18900,2025-06-16T11:30:35Z,9a7080ce-5a06-4f7b-9ee9-d1998677b73a
435386,271297,4378,07:45:00,27900,2025-06-16T11:31:01Z,b377f107-2ae3-40a7-8761-8e70ed4c2b57
435387,271767,4378,05:45:00,20700,2025-06-16T11:31:19Z,b66efd25-c1f7-4ac8-bee9-54314bcda9d8
435388,271842,4378,04:00:00,14400,2025-06-16T11:31:25Z,50f488a2-6b4f-4a21-8326-287db878c560
435389,271947,4378,07:30:00,27000,2025-06-16T11:31:33Z,e3064487-380c-4910-8eb0-ce9d9d4f1412
435390,272282,4378,03:30:00,12600,2025-06-16T11:31:46Z,a3b0ef16-c441-4597-81ee-27615977e903
435391,272283,4378,07:30:00,27000,2025-06-16T11:31:54Z,24296cb9-2cfa-4d26-a7be-62f2b2db6e4b
435392,272487,4378,03:30:00,12600,2025-06-16T11:32:22Z,35e2c821-30e7-4a6f-938c-d00d0feed071
435393,272488,4378,08:30:00,30600,2025-06-16T11:32:37Z,22657103-eb13-424b-b036-a4e6030f8419
435394,272694,4378,08:00:00,28800,2025-06-16T11:32:48Z,739a8a97-f285-4354-99fa-5ca324062f19
435395,272740,4378,04:00:00,14400,2025-06-16T11:32:56Z,15ca0981-ef07-4241-9858-b69284ae886a
435396,269308,4378,10:00:00,36000,2025-06-16T11:34:20Z,922f9c05-1462-4b9b-9a45-99c27c1d31ed
435397,269309,4378,10:00:00,36000,2025-06-16T11:34:27Z,08b4f2a1-994f-4849-8942-eb367a83b5ac
435398,269420,4378,10:00:00,36000,2025-06-16T11:34:36Z,84805a6f-77dd-4af2-9a57-c9a633989ca6
435399,269421,4378,03:00:00,10800,2025-06-16T11:34:45Z,da4e4458-cdc1-4953-9e3d-2e51c63ebc89
435400,269739,4375,08:00:00,28800,2025-06-16T11:34:56Z,eb98149f-6c26-41d1-923e-61298eb221f6
435401,269820,4378,06:30:00,23400,2025-06-16T11:35:11Z,7dc18414-7e1c-4ae5-855b-b988933b5f31
435402,269955,4378,04:30:00,16200,2025-06-16T11:35:52Z,505cf023-8cf4-4e26-bf49-835782c1df3d
435403,270146,4378,08:15:00,29700,2025-06-16T11:36:00Z,760264c3-3e0a-4c82-ba56-6972287862c3
435404,270204,4378,07:45:00,27900,2025-06-16T11:36:12Z,006218ce-dfcd-479f-9fd9-c81114cbc3d1
435405,270204,4914,00:15:00,900,2025-06-16T11:36:22Z,9fdde422-d87b-4c90-9fe1-4c918c45e185
435406,270558,4913,08:00:00,28800,2025-06-16T11:36:31Z,122d095c-d638-4019-b3f6-16d094a7f250
435409,267631,4914,06:00:00,21600,2025-06-16T11:38:28Z,8edeff4f-51f2-4a52-bb4a-1ddd56398d46
435410,268013,4913,08:00:00,28800,2025-06-16T11:38:41Z,7b00c381-ad16-40b7-9cc5-19d81433e478
435415,271842,4914,04:30:00,16200,2025-06-16T11:40:31Z,37795bce-d0b6-4284-95d8-824e4f6fe2a3
435481,276201,5024,03:00:00,10800,2025-06-16T14:54:28Z,1e34630c-f2f9-4cfe-bbab-21d8628757d6
435482,276202,5024,03:00:00,10800,2025-06-16T14:54:35Z,555c9966-3424-4140-a9a4-a5920206ef7f
435484,276202,4184,02:00:00,7200,2025-06-16T14:54:55Z,232c9aee-bcdf-4e21-abc0-74c14b67f190
433573,268197,4819,02:00:00,7200,2025-06-17T16:54:11Z,de370e91-f0e2-41bd-91c0-38a76f741d1c
435531,267873,4819,01:00:00,3600,2025-06-17T16:54:47Z,35c94af0-ddc6-41d0-8e81-7dde7d0f7fa0
435553,267872,4986,02:00:00,7200,2025-06-17T17:03:33Z,e38ab1cd-7f2d-4c29-8a60-26fe1391dfbd
435557,270580,4819,02:00:00,7200,2025-06-17T17:13:35Z,88d75385-fee8-4847-8fbd-91051caf165c
435558,268618,4986,02:30:00,9000,2025-06-17T17:14:30Z,5b666bab-0b5e-41e7-9b84-70a6c9310eaf
435559,268618,4840,02:30:00,9000,2025-06-17T17:14:30Z,51ef7648-974b-4c3f-a156-37f9fcf7c6cd
435564,269439,4986,03:00:00,10800,2025-06-17T17:15:29Z,11266d65-9b63-4a75-b02c-8ff0ac1efdf3
435565,269439,4840,03:00:00,10800,2025-06-17T17:15:29Z,5eb94efa-e1a3-4673-9942-f5b313a5be05
435568,269441,4986,03:00:00,10800,2025-06-17T17:17:00Z,3dda1dfc-95b1-4377-8313-9c92d4e6eb4e
435570,269442,4986,02:30:00,9000,2025-06-17T17:17:20Z,acdc1150-e03e-411a-afd3-cd8d8d72402b
435571,269442,4840,02:30:00,9000,2025-06-17T17:17:20Z,11d119c2-f56d-49a5-9b63-52b5be1d5c90
435572,270054,4986,03:00:00,10800,2025-06-17T17:17:40Z,0c65c039-9619-4880-bc63-106c38b628d7
435573,270054,4840,03:00:00,10800,2025-06-17T17:17:40Z,8bb91eb0-f80a-4f8f-b792-6823bc82c0b8
435575,270055,4840,02:30:00,9000,2025-06-17T17:18:06Z,00d527a0-0cbc-4d81-88fd-804bed502cdf
435577,270575,4840,01:30:00,5400,2025-06-17T17:18:28Z,0d0ebbd3-a2b8-4564-8a6d-1db36875bcba
435580,270056,4840,02:00:00,7200,2025-06-17T17:20:15Z,50e45f6f-5c65-4478-8169-afe308ee6d47
435582,270057,4840,02:30:00,9000,2025-06-17T17:20:30Z,706337ac-2e70-4e6c-9051-ef55ebd2300c
435586,270059,4840,02:30:00,9000,2025-06-17T17:21:17Z,dc26130c-1cb2-43df-8aec-af40f3365c32
435588,270060,4840,02:30:00,9000,2025-06-17T17:21:55Z,9ce945f9-63a4-4f65-a153-774f7904b96c
435589,270576,4840,02:30:00,9000,2025-06-17T17:22:13Z,fb657d7c-be14-4d2c-b3cb-40e569f2cac2
435591,270578,4840,02:15:00,8100,2025-06-17T17:23:47Z,b4deaeaf-294e-4439-8515-6b978bb1ce20
435594,272465,4819,02:00:00,7200,2025-06-17T17:27:18Z,79b8ac92-6a12-476d-984d-8709cd96dd7a
435595,272466,4818,02:00:00,7200,2025-06-17T17:27:31Z,335f2c92-3074-4110-ab8e-45880dba43fd
435611,266725,4841,03:00:00,10800,2025-06-17T17:39:38Z,3c50516a-581b-4273-b0b5-f9b183b54a4d
