du_id,hours_total,cost_total,du_name,du_surname
164,743.1166666666667,37106.66328415164,Clémentine,Roth
83,432.56666666666666,24688.58408935547,Daniela,Chiran
318,678.875,23931.757243401764,Nadja,Schlichenmaier
27,168.35416666666669,14562.698981472997,Robert,Gohla
132,184.21666666666667,10043.030774437928,Miljana,Cosic
21,59.416666666666664,7276.751325757576,Jonathan,Loeffler
335,451.3,6169.205334656085,Tea,Sarenkapa
182,130,3799.0272177419356,Alejandra,Campos
4,73.04166666666667,848.6906593992248,Angela,Heni
